mobilenet_v3_1.0_224_small_uint8,label,0.20888972282409668
,,,digital clock,5.424877
,,,spotlight,5.346256
,,,nematode,4.3241773
,,,match,4.0096917
,,,window screen,3.6165848
mobilenet_v3_1.0_224_small_uint8,label,0.20888972282409668
,,,digital clock,5.58212
,,,spotlight,5.2676344
,,,nematode,4.5600414
,,,match,4.088313
,,,window screen,3.852449
mobilenet_v3_1.0_224_small_uint8,label,0.2073802947998047
,,,digital clock,5.2676344
,,,spotlight,5.0317698
,,,nematode,4.088313
,,,match,4.0096917
,,,window screen,3.459342
mobilenet_v3_1.0_224_small_uint8,label,0.2073802947998047
,,,digital clock,5.5034986
,,,spotlight,5.1890125
,,,nematode,4.3241773
,,,window screen,4.088313
,,,match,4.0096917
mobilenet_v3_1.0_224_small_uint8,label,0.20782709121704102
,,,digital clock,5.424877
,,,spotlight,5.346256
,,,nematode,4.5600414
,,,match,4.088313
,,,oscilloscope,3.852449
mobilenet_v3_1.0_224_small_uint8,label,0.20782709121704102
,,,digital clock,5.5034986
,,,spotlight,5.0317698
,,,nematode,4.5600414
,,,match,4.088313
,,,window screen,3.852449
mobilenet_v3_1.0_224_small_uint8,label,0.20748019218444824
,,,digital clock,5.2676344
,,,spotlight,4.7959056
,,,nematode,4.5600414
,,,match,3.7738276
,,,window screen,3.6165848
mobilenet_v3_1.0_224_small_uint8,label,0.20748019218444824
,,,digital clock,5.58212
,,,spotlight,5.0317698
,,,nematode,4.1669345
,,,match,3.6952062
,,,oscilloscope,3.6952062
mobilenet_v3_1.0_224_small_uint8,label,0.20853519439697266
,,,digital clock,5.7393627
,,,spotlight,5.346256
,,,nematode,4.5600414
,,,window screen,4.1669345
,,,oscilloscope,4.0096917
mobilenet_v3_1.0_224_small_uint8,label,0.20853519439697266
,,,digital clock,5.424877
,,,spotlight,5.346256
,,,window screen,4.1669345
,,,match,3.6952062
,,,nematode,3.6952062
mobilenet_v3_1.0_224_small_uint8,label,0.20726704597473145
,,,digital clock,5.58212
,,,spotlight,5.1890125
,,,nematode,4.717284
,,,match,3.9310703
,,,window screen,3.6165848
mobilenet_v3_1.0_224_small_uint8,label,0.20726704597473145
,,,digital clock,5.58212
,,,spotlight,5.1890125
,,,nematode,4.3241773
,,,window screen,4.0096917
,,,match,3.852449
mobilenet_v3_1.0_224_small_uint8,label,0.20696401596069336
,,,digital clock,5.5034986
,,,spotlight,5.110391
,,,nematode,4.4027987
,,,match,4.088313
,,,wing,3.852449
mobilenet_v3_1.0_224_small_uint8,label,0.20696401596069336
,,,digital clock,5.817984
,,,spotlight,5.2676344
,,,nematode,4.4027987
,,,match,4.0096917
,,,oscilloscope,3.9310703
mobilenet_v3_1.0_224_small_uint8,label,0.20795655250549316
,,,digital clock,5.58212
,,,spotlight,5.110391
,,,nematode,4.245556
,,,match,4.088313
,,,window screen,4.0096917
mobilenet_v3_1.0_224_small_uint8,label,0.20795655250549316
,,,digital clock,5.58212
,,,spotlight,5.346256
,,,nematode,4.874527
,,,match,4.088313
,,,oscilloscope,3.7738276
mobilenet_v3_1.0_224_small_uint8,label,0.20811939239501953
,,,digital clock,5.58212
,,,spotlight,5.5034986
,,,nematode,4.3241773
,,,match,4.088313
,,,window screen,3.7738276
mobilenet_v3_1.0_224_small_uint8,label,0.20811939239501953
,,,digital clock,5.58212
,,,spotlight,5.0317698
,,,nematode,4.717284
,,,match,4.245556
,,,window screen,3.852449
mobilenet_v3_1.0_224_small_uint8,label,0.2080848217010498
,,,digital clock,5.5034986
,,,spotlight,5.346256
,,,nematode,4.5600414
,,,match,3.9310703
,,,oscilloscope,3.6165848
mobilenet_v3_1.0_224_small_uint8,label,0.2080848217010498
,,,digital clock,5.817984
,,,spotlight,5.5034986
,,,nematode,4.4027987
,,,window screen,4.0096917
,,,match,3.852449
mobilenet_v3_1.0_224_small_uint8,label,0.20842266082763672
,,,digital clock,5.6607413
,,,spotlight,5.346256
,,,window screen,4.245556
,,,nematode,4.088313
,,,match,3.7738276
mobilenet_v3_1.0_224_small_uint8,label,0.20842266082763672
,,,digital clock,5.346256
,,,spotlight,5.1890125
,,,nematode,4.1669345
,,,match,3.852449
,,,window screen,3.5379634
mobilenet_v3_1.0_224_small_uint8,label,0.20880460739135742
,,,digital clock,5.7393627
,,,spotlight,5.2676344
,,,nematode,4.4027987
,,,window screen,4.088313
,,,oscilloscope,4.088313
mobilenet_v3_1.0_224_small_uint8,label,0.20880460739135742
,,,digital clock,5.5034986
,,,spotlight,5.424877
,,,nematode,4.48142
,,,match,4.0096917
,,,wing,3.6952062
mobilenet_v3_1.0_224_small_uint8,label,0.2080857753753662
,,,digital clock,5.975227
,,,spotlight,5.58212
,,,nematode,4.7959056
,,,match,4.245556
,,,wing,4.088313
mobilenet_v3_1.0_224_small_uint8,label,0.2080857753753662
,,,digital clock,5.346256
,,,spotlight,5.110391
,,,nematode,4.1669345
,,,match,3.852449
,,,wing,3.6952062
mobilenet_v3_1.0_224_small_uint8,label,0.2086498737335205
,,,digital clock,5.5034986
,,,spotlight,5.1890125
,,,nematode,4.4027987
,,,match,3.852449
,,,oscilloscope,3.852449
mobilenet_v3_1.0_224_small_uint8,label,0.2086498737335205
,,,digital clock,5.817984
,,,spotlight,5.346256
,,,nematode,4.638663
,,,match,4.245556
,,,window screen,4.0096917
mobilenet_v3_1.0_224_small_uint8,label,0.20853161811828613
,,,digital clock,5.7393627
,,,spotlight,5.5034986
,,,nematode,4.4027987
,,,match,4.1669345
,,,window screen,4.0096917
mobilenet_v3_1.0_224_small_uint8,label,0.20853161811828613
,,,digital clock,5.424877
,,,spotlight,4.9531484
,,,nematode,4.3241773
,,,window screen,3.9310703
,,,match,3.7738276
mobilenet_v3_1.0_224_small_uint8,label,0.2073197364807129
,,,spotlight,5.5034986
,,,digital clock,5.424877
,,,nematode,4.7959056
,,,match,4.3241773
,,,jellyfish,3.5379634
mobilenet_v3_1.0_224_small_uint8,label,0.2073197364807129
,,,digital clock,5.424877
,,,spotlight,5.1890125
,,,nematode,4.5600414
,,,window screen,3.9310703
,,,match,3.7738276
mobilenet_v3_0.75_224_small,label,0.06348490715026855
,,,match,4.957014
,,,spotlight,4.3514767
,,,digital clock,4.0819073
,,,nematode,3.8754704
,,,lighter,3.640143
mobilenet_v3_0.75_224_small,label,0.06348490715026855
,,,match,4.9491525
,,,spotlight,4.356717
,,,digital clock,4.0819736
,,,nematode,3.8759668
,,,lighter,3.6440022
mobilenet_v3_0.75_224_small,label,0.06127786636352539
,,,match,4.943546
,,,spotlight,4.3491626
,,,digital clock,4.083477
,,,nematode,3.86749
,,,lighter,3.6421542
mobilenet_v3_0.75_224_small,label,0.06127786636352539
,,,match,4.948279
,,,spotlight,4.3492117
,,,digital clock,4.069109
,,,nematode,3.8563235
,,,lighter,3.644799
mobilenet_v3_0.75_224_small,label,0.0686955451965332
,,,match,4.9458
,,,spotlight,4.3503504
,,,digital clock,4.089992
,,,nematode,3.8696663
,,,lighter,3.644605
mobilenet_v3_0.75_224_small,label,0.0686955451965332
,,,match,4.9552746
,,,spotlight,4.3537316
,,,digital clock,4.0839467
,,,nematode,3.8832462
,,,lighter,3.643055
mobilenet_v3_0.75_224_small,label,0.053304433822631836
,,,match,4.953336
,,,spotlight,4.347853
,,,digital clock,4.0818005
,,,nematode,3.8764365
,,,lighter,3.6405997
mobilenet_v3_0.75_224_small,label,0.053304433822631836
,,,match,4.9393706
,,,spotlight,4.3445835
,,,digital clock,4.0748158
,,,nematode,3.8642619
,,,lighter,3.63799
mobilenet_v3_0.75_224_small,label,0.053320884704589844
,,,match,4.938601
,,,spotlight,4.3529835
,,,digital clock,4.080769
,,,nematode,3.8518412
,,,lighter,3.6419594
mobilenet_v3_0.75_224_small,label,0.053320884704589844
,,,match,4.938979
,,,spotlight,4.3424935
,,,digital clock,4.0730557
,,,nematode,3.8651035
,,,lighter,3.6396108
mobilenet_v3_0.75_224_small,label,0.055361270904541016
,,,match,4.953689
,,,spotlight,4.3503685
,,,digital clock,4.084916
,,,nematode,3.874715
,,,lighter,3.6443498
mobilenet_v3_0.75_224_small,label,0.055361270904541016
,,,match,4.95516
,,,spotlight,4.350626
,,,digital clock,4.0842447
,,,nematode,3.8856099
,,,lighter,3.6465766
mobilenet_v3_0.75_224_small,label,0.06464242935180664
,,,match,4.950231
,,,spotlight,4.351541
,,,digital clock,4.0791593
,,,nematode,3.8774168
,,,lighter,3.640027
mobilenet_v3_0.75_224_small,label,0.06464242935180664
,,,match,4.9401093
,,,spotlight,4.34064
,,,digital clock,4.0615644
,,,nematode,3.8674595
,,,lighter,3.6343732
mobilenet_v3_0.75_224_small,label,0.06382560729980469
,,,match,4.942501
,,,spotlight,4.337964
,,,digital clock,4.079718
,,,nematode,3.8797143
,,,lighter,3.6397653
mobilenet_v3_0.75_224_small,label,0.06382560729980469
,,,match,4.9443784
,,,spotlight,4.342251
,,,digital clock,4.0812454
,,,nematode,3.8729107
,,,lighter,3.6383376
mobilenet_v3_0.75_224_small,label,0.057913780212402344
,,,match,4.9563503
,,,spotlight,4.3591814
,,,digital clock,4.0874414
,,,nematode,3.884887
,,,lighter,3.6445103
mobilenet_v3_0.75_224_small,label,0.057913780212402344
,,,match,4.9463725
,,,spotlight,4.34641
,,,digital clock,4.088321
,,,nematode,3.8721526
,,,lighter,3.6435099
mobilenet_v3_0.75_224_small,label,0.0728306770324707
,,,match,4.9556193
,,,spotlight,4.3380685
,,,digital clock,4.0792336
,,,nematode,3.8978245
,,,lighter,3.6434758
mobilenet_v3_0.75_224_small,label,0.0728306770324707
,,,match,4.9534183
,,,spotlight,4.3485355
,,,digital clock,4.0797853
,,,nematode,3.887482
,,,lighter,3.6389883
mobilenet_v3_0.75_224_small,label,0.07375574111938477
,,,match,4.9541554
,,,spotlight,4.350391
,,,digital clock,4.0683875
,,,nematode,3.8780105
,,,lighter,3.6372046
mobilenet_v3_0.75_224_small,label,0.07375574111938477
,,,match,4.9628086
,,,spotlight,4.3482804
,,,digital clock,4.0750375
,,,nematode,3.8804343
,,,lighter,3.6438074
mobilenet_v3_0.75_224_small,label,0.053357839584350586
,,,match,4.9613867
,,,spotlight,4.3494654
,,,digital clock,4.0956287
,,,nematode,3.8950655
,,,lighter,3.6455293
mobilenet_v3_0.75_224_small,label,0.053357839584350586
,,,match,4.953694
,,,spotlight,4.345328
,,,digital clock,4.0898395
,,,nematode,3.8826964
,,,lighter,3.6403182
mobilenet_v3_0.75_224_small,label,0.06826519966125488
,,,match,4.950929
,,,spotlight,4.34593
,,,digital clock,4.078398
,,,nematode,3.861614
,,,lighter,3.6529238
mobilenet_v3_0.75_224_small,label,0.06826519966125488
,,,match,4.94988
,,,spotlight,4.3501053
,,,digital clock,4.082993
,,,nematode,3.8811538
,,,lighter,3.6494083
mobilenet_v3_0.75_224_small,label,0.07412505149841309
,,,match,4.954596
,,,spotlight,4.35565
,,,digital clock,4.086041
,,,nematode,3.8686278
,,,lighter,3.650257
mobilenet_v3_0.75_224_small,label,0.07412505149841309
,,,match,4.9529824
,,,spotlight,4.351412
,,,digital clock,4.0776024
,,,nematode,3.8779857
,,,lighter,3.646647
mobilenet_v3_0.75_224_small,label,0.065673828125
,,,match,4.949883
,,,spotlight,4.34806
,,,digital clock,4.069841
,,,nematode,3.8602536
,,,lighter,3.644208
mobilenet_v3_0.75_224_small,label,0.065673828125
,,,match,4.942228
,,,spotlight,4.3361216
,,,digital clock,4.0769
,,,nematode,3.871217
,,,lighter,3.6364279
mobilenet_v3_0.75_224_small,label,0.052074432373046875
,,,match,4.949125
,,,spotlight,4.35094
,,,digital clock,4.0724006
,,,nematode,3.8575013
,,,lighter,3.6460242
mobilenet_v3_0.75_224_small,label,0.052074432373046875
,,,match,4.944207
,,,spotlight,4.3408723
,,,digital clock,4.07935
,,,nematode,3.8810704
,,,lighter,3.6407633
mobilenet_v3_1.0_224_large_minimalistic_uint8,label,0.4049546718597412
,,,nematode,5.190117
,,,match,4.7035437
,,,spotlight,4.1358743
,,,digital clock,3.8925877
,,,vine snake,3.3249187
mobilenet_v3_1.0_224_large_minimalistic_uint8,label,0.4049546718597412
,,,nematode,5.2712126
,,,match,4.622448
,,,spotlight,4.21697
,,,digital clock,4.1358743
,,,refrigerator,3.243823
mobilenet_v3_1.0_224_large_minimalistic_uint8,label,0.4070305824279785
,,,nematode,5.3523083
,,,match,4.784639
,,,spotlight,4.21697
,,,digital clock,4.1358743
,,,vine snake,3.3249187
mobilenet_v3_1.0_224_large_minimalistic_uint8,label,0.4070305824279785
,,,nematode,5.2712126
,,,match,4.7035437
,,,spotlight,4.1358743
,,,digital clock,4.054779
,,,tennis ball,3.243823
mobilenet_v3_1.0_224_large_minimalistic_uint8,label,0.40445613861083984
,,,nematode,5.190117
,,,match,4.784639
,,,spotlight,4.21697
,,,digital clock,3.9736834
,,,vine snake,3.4060142
mobilenet_v3_1.0_224_large_minimalistic_uint8,label,0.40445613861083984
,,,nematode,5.190117
,,,match,4.784639
,,,spotlight,4.21697
,,,digital clock,4.1358743
,,,vine snake,3.3249187
mobilenet_v3_1.0_224_large_minimalistic_uint8,label,0.4029395580291748
,,,nematode,5.190117
,,,match,4.784639
,,,digital clock,4.1358743
,,,spotlight,4.1358743
,,,vine snake,3.3249187
mobilenet_v3_1.0_224_large_minimalistic_uint8,label,0.4029395580291748
,,,nematode,5.2712126
,,,match,4.7035437
,,,spotlight,4.1358743
,,,digital clock,4.054779
,,,vine snake,3.3249187
mobilenet_v3_1.0_224_large_minimalistic_uint8,label,0.4042952060699463
,,,nematode,4.9468303
,,,match,4.7035437
,,,spotlight,4.21697
,,,digital clock,4.054779
,,,vine snake,3.3249187
mobilenet_v3_1.0_224_large_minimalistic_uint8,label,0.4042952060699463
,,,nematode,4.9468303
,,,match,4.7035437
,,,spotlight,4.21697
,,,digital clock,3.9736834
,,,lighter,3.4060142
mobilenet_v3_1.0_224_large_minimalistic_uint8,label,0.403656005859375
,,,nematode,5.0279255
,,,match,4.784639
,,,spotlight,4.2980657
,,,digital clock,4.054779
,,,refrigerator,3.4060142
mobilenet_v3_1.0_224_large_minimalistic_uint8,label,0.403656005859375
,,,nematode,5.190117
,,,match,4.7035437
,,,spotlight,4.21697
,,,digital clock,4.1358743
,,,vine snake,3.4060142
mobilenet_v3_1.0_224_large_minimalistic_uint8,label,0.40478038787841797
,,,nematode,5.190117
,,,match,4.7035437
,,,spotlight,4.1358743
,,,digital clock,3.9736834
,,,vine snake,3.243823
mobilenet_v3_1.0_224_large_minimalistic_uint8,label,0.40478038787841797
,,,nematode,5.3523083
,,,match,4.784639
,,,spotlight,4.21697
,,,digital clock,4.054779
,,,vine snake,3.3249187
mobilenet_v3_1.0_224_large_minimalistic_uint8,label,0.40599727630615234
,,,nematode,5.109021
,,,match,4.784639
,,,spotlight,4.21697
,,,digital clock,4.054779
,,,refrigerator,3.4060142
mobilenet_v3_1.0_224_large_minimalistic_uint8,label,0.40599727630615234
,,,nematode,5.3523083
,,,match,4.7035437
,,,spotlight,4.21697
,,,digital clock,4.054779
,,,vine snake,3.3249187
mobilenet_v3_1.0_224_large_minimalistic_uint8,label,0.40927815437316895
,,,nematode,5.190117
,,,match,4.7035437
,,,spotlight,4.21697
,,,digital clock,4.054779
,,,vine snake,3.3249187
mobilenet_v3_1.0_224_large_minimalistic_uint8,label,0.40927815437316895
,,,nematode,5.190117
,,,match,4.784639
,,,spotlight,4.2980657
,,,digital clock,4.1358743
,,,vine snake,3.3249187
mobilenet_v3_1.0_224_large_minimalistic_uint8,label,0.40653562545776367
,,,nematode,5.109021
,,,match,4.7035437
,,,spotlight,4.2980657
,,,digital clock,4.054779
,,,refrigerator,3.4060142
mobilenet_v3_1.0_224_large_minimalistic_uint8,label,0.40653562545776367
,,,nematode,5.190117
,,,match,4.784639
,,,spotlight,4.1358743
,,,digital clock,4.054779
,,,vine snake,3.3249187
mobilenet_v3_1.0_224_large_minimalistic_uint8,label,0.40529918670654297
,,,nematode,5.3523083
,,,match,4.784639
,,,digital clock,4.1358743
,,,spotlight,4.1358743
,,,refrigerator,3.4060142
mobilenet_v3_1.0_224_large_minimalistic_uint8,label,0.40529918670654297
,,,nematode,5.3523083
,,,match,4.784639
,,,spotlight,4.1358743
,,,digital clock,4.1358743
,,,vine snake,3.3249187
mobilenet_v3_1.0_224_large_minimalistic_uint8,label,0.4056997299194336
,,,nematode,5.190117
,,,match,4.622448
,,,spotlight,4.21697
,,,digital clock,4.1358743
,,,vine snake,3.3249187
mobilenet_v3_1.0_224_large_minimalistic_uint8,label,0.4056997299194336
,,,nematode,5.3523083
,,,match,4.7035437
,,,spotlight,4.21697
,,,digital clock,4.054779
,,,vine snake,3.4060142
mobilenet_v3_1.0_224_large_minimalistic_uint8,label,0.40411901473999023
,,,nematode,5.109021
,,,match,4.7035437
,,,spotlight,4.1358743
,,,digital clock,4.054779
,,,vine snake,3.4060142
mobilenet_v3_1.0_224_large_minimalistic_uint8,label,0.40411901473999023
,,,nematode,5.190117
,,,match,4.784639
,,,spotlight,4.21697
,,,digital clock,4.054779
,,,lighter,3.4060142
mobilenet_v3_1.0_224_large_minimalistic_uint8,label,0.40501880645751953
,,,nematode,5.3523083
,,,match,4.784639
,,,spotlight,4.21697
,,,digital clock,4.054779
,,,vine snake,3.3249187
mobilenet_v3_1.0_224_large_minimalistic_uint8,label,0.40501880645751953
,,,nematode,5.2712126
,,,match,4.7035437
,,,spotlight,4.21697
,,,digital clock,4.054779
,,,vine snake,3.3249187
mobilenet_v3_1.0_224_large_minimalistic_uint8,label,0.40261030197143555
,,,nematode,5.109021
,,,match,4.622448
,,,spotlight,4.1358743
,,,digital clock,3.8925877
,,,vine snake,3.243823
mobilenet_v3_1.0_224_large_minimalistic_uint8,label,0.40261030197143555
,,,nematode,5.190117
,,,match,4.7035437
,,,spotlight,4.2980657
,,,digital clock,4.1358743
,,,lighter,3.4060142
mobilenet_v3_1.0_224_large_minimalistic_uint8,label,0.404996395111084
,,,nematode,5.2712126
,,,match,4.784639
,,,spotlight,4.2980657
,,,digital clock,4.1358743
,,,vine snake,3.3249187
mobilenet_v3_1.0_224_large_minimalistic_uint8,label,0.404996395111084
,,,nematode,5.2712126
,,,match,4.784639
,,,spotlight,4.21697
,,,digital clock,4.054779
,,,lighter,3.3249187
mobilenet_v3_0.75_224_large,label,0.17524147033691406
,,,match,4.8372154
,,,nematode,4.0808806
,,,lighter,4.01814
,,,spotlight,3.891379
,,,digital clock,3.7990234
mobilenet_v3_0.75_224_large,label,0.17524147033691406
,,,match,4.832492
,,,nematode,4.0801096
,,,lighter,4.016058
,,,spotlight,3.8968818
,,,digital clock,3.7962961
mobilenet_v3_0.75_224_large,label,0.17582368850708008
,,,match,4.8385096
,,,nematode,4.0797963
,,,lighter,4.0218883
,,,spotlight,3.9013815
,,,digital clock,3.798692
mobilenet_v3_0.75_224_large,label,0.17582368850708008
,,,match,4.8397202
,,,nematode,4.0797906
,,,lighter,4.027058
,,,spotlight,3.9088938
,,,digital clock,3.8061864
mobilenet_v3_0.75_224_large,label,0.17611265182495117
,,,match,4.8305717
,,,nematode,4.079675
,,,lighter,4.0214543
,,,spotlight,3.8939962
,,,digital clock,3.7977517
mobilenet_v3_0.75_224_large,label,0.17611265182495117
,,,match,4.843343
,,,nematode,4.0724225
,,,lighter,4.0281024
,,,spotlight,3.9096885
,,,digital clock,3.7979777
mobilenet_v3_0.75_224_large,label,0.18369245529174805
,,,match,4.833724
,,,nematode,4.0737004
,,,lighter,4.0219145
,,,spotlight,3.8967345
,,,digital clock,3.797031
mobilenet_v3_0.75_224_large,label,0.18369245529174805
,,,match,4.834283
,,,nematode,4.07432
,,,lighter,4.0216565
,,,spotlight,3.898118
,,,digital clock,3.7939148
mobilenet_v3_0.75_224_large,label,0.17861485481262207
,,,match,4.8401437
,,,nematode,4.071345
,,,lighter,4.026862
,,,spotlight,3.903945
,,,digital clock,3.796007
mobilenet_v3_0.75_224_large,label,0.17861485481262207
,,,match,4.8328257
,,,nematode,4.0781384
,,,lighter,4.0207276
,,,spotlight,3.8979993
,,,digital clock,3.7971365
mobilenet_v3_0.75_224_large,label,0.17824411392211914
,,,match,4.8430004
,,,nematode,4.0743194
,,,lighter,4.025342
,,,spotlight,3.8982668
,,,digital clock,3.7966304
mobilenet_v3_0.75_224_large,label,0.17824411392211914
,,,match,4.828129
,,,nematode,4.0794835
,,,lighter,4.011116
,,,spotlight,3.8933437
,,,digital clock,3.791463
mobilenet_v3_0.75_224_large,label,0.16121649742126465
,,,match,4.8296967
,,,nematode,4.075251
,,,lighter,4.01415
,,,spotlight,3.8889117
,,,digital clock,3.7916822
mobilenet_v3_0.75_224_large,label,0.16121649742126465
,,,match,4.8287773
,,,nematode,4.0790343
,,,lighter,4.0157723
,,,spotlight,3.8907778
,,,digital clock,3.794631
mobilenet_v3_0.75_224_large,label,0.18016672134399414
,,,match,4.839064
,,,nematode,4.073228
,,,lighter,4.0277505
,,,spotlight,3.903982
,,,digital clock,3.7989707
mobilenet_v3_0.75_224_large,label,0.18016672134399414
,,,match,4.8378706
,,,nematode,4.0665603
,,,lighter,4.0283747
,,,spotlight,3.8959727
,,,digital clock,3.794642
mobilenet_v3_0.75_224_large,label,0.18552064895629883
,,,match,4.8396807
,,,nematode,4.07453
,,,lighter,4.024095
,,,spotlight,3.9004567
,,,digital clock,3.7958698
mobilenet_v3_0.75_224_large,label,0.18552064895629883
,,,match,4.835599
,,,nematode,4.078518
,,,lighter,4.0218973
,,,spotlight,3.8978336
,,,digital clock,3.7941742
mobilenet_v3_0.75_224_large,label,0.18258047103881836
,,,match,4.835983
,,,nematode,4.0747423
,,,lighter,4.021136
,,,spotlight,3.8946826
,,,digital clock,3.7950983
mobilenet_v3_0.75_224_large,label,0.18258047103881836
,,,match,4.8364706
,,,nematode,4.065461
,,,lighter,4.0250854
,,,spotlight,3.9006658
,,,digital clock,3.7927306
mobilenet_v3_0.75_224_large,label,0.17947173118591309
,,,match,4.841921
,,,nematode,4.0731435
,,,lighter,4.026
,,,spotlight,3.9030254
,,,digital clock,3.7974687
mobilenet_v3_0.75_224_large,label,0.17947173118591309
,,,match,4.838877
,,,nematode,4.074631
,,,lighter,4.026955
,,,spotlight,3.902636
,,,digital clock,3.7994225
mobilenet_v3_0.75_224_large,label,0.17855238914489746
,,,match,4.839775
,,,nematode,4.0703635
,,,lighter,4.0252533
,,,spotlight,3.9015443
,,,digital clock,3.7944257
mobilenet_v3_0.75_224_large,label,0.17855238914489746
,,,match,4.8390656
,,,nematode,4.0692253
,,,lighter,4.025548
,,,spotlight,3.9073534
,,,digital clock,3.793207
mobilenet_v3_0.75_224_large,label,0.17351937294006348
,,,match,4.831907
,,,nematode,4.078066
,,,lighter,4.0223484
,,,spotlight,3.898642
,,,digital clock,3.79528
mobilenet_v3_0.75_224_large,label,0.17351937294006348
,,,match,4.8359914
,,,nematode,4.0760903
,,,lighter,4.0208015
,,,spotlight,3.8974516
,,,digital clock,3.797911
mobilenet_v3_0.75_224_large,label,0.18332219123840332
,,,match,4.830475
,,,nematode,4.077474
,,,lighter,4.0220447
,,,spotlight,3.8989897
,,,digital clock,3.8004773
mobilenet_v3_0.75_224_large,label,0.18332219123840332
,,,match,4.840322
,,,nematode,4.078614
,,,lighter,4.0252323
,,,spotlight,3.9029849
,,,digital clock,3.7999575
mobilenet_v3_0.75_224_large,label,0.17303943634033203
,,,match,4.8331995
,,,nematode,4.0777135
,,,lighter,4.021513
,,,spotlight,3.8941758
,,,digital clock,3.7964592
mobilenet_v3_0.75_224_large,label,0.17303943634033203
,,,match,4.831809
,,,nematode,4.0770526
,,,lighter,4.0173817
,,,spotlight,3.8954198
,,,digital clock,3.7964542
mobilenet_v3_0.75_224_large,label,0.18053531646728516
,,,match,4.840313
,,,nematode,4.076492
,,,lighter,4.0275106
,,,spotlight,3.903701
,,,digital clock,3.8000634
mobilenet_v3_0.75_224_large,label,0.18053531646728516
,,,match,4.834761
,,,nematode,4.0794964
,,,lighter,4.025614
,,,spotlight,3.9006717
,,,digital clock,3.7985578
mobilenet_v3_1.0_224_large_minimalistic,label,0.20398783683776855
,,,match,4.5309377
,,,nematode,4.3835006
,,,spotlight,3.5816405
,,,digital clock,3.4599454
,,,lighter,3.452349
mobilenet_v3_1.0_224_large_minimalistic,label,0.20398783683776855
,,,match,4.525618
,,,nematode,4.368462
,,,spotlight,3.5832827
,,,digital clock,3.4560747
,,,lighter,3.4522026
mobilenet_v3_1.0_224_large_minimalistic,label,0.2032783031463623
,,,match,4.520684
,,,nematode,4.3630443
,,,spotlight,3.5857437
,,,digital clock,3.453369
,,,lighter,3.445902
mobilenet_v3_1.0_224_large_minimalistic,label,0.2032783031463623
,,,match,4.5280657
,,,nematode,4.3660455
,,,spotlight,3.5740645
,,,digital clock,3.4590433
,,,lighter,3.4431016
mobilenet_v3_1.0_224_large_minimalistic,label,0.1966855525970459
,,,match,4.5284095
,,,nematode,4.3452725
,,,spotlight,3.5812476
,,,lighter,3.4535933
,,,digital clock,3.4514048
mobilenet_v3_1.0_224_large_minimalistic,label,0.1966855525970459
,,,match,4.5276766
,,,nematode,4.3500175
,,,spotlight,3.5720336
,,,lighter,3.4502888
,,,digital clock,3.443982
mobilenet_v3_1.0_224_large_minimalistic,label,0.19477391242980957
,,,match,4.526403
,,,nematode,4.3583417
,,,spotlight,3.588156
,,,digital clock,3.4525769
,,,lighter,3.4465156
mobilenet_v3_1.0_224_large_minimalistic,label,0.19477391242980957
,,,match,4.5303006
,,,nematode,4.352986
,,,spotlight,3.5913389
,,,digital clock,3.4628234
,,,lighter,3.454554
mobilenet_v3_1.0_224_large_minimalistic,label,0.19585824012756348
,,,match,4.5291348
,,,nematode,4.361769
,,,spotlight,3.5924432
,,,digital clock,3.4604788
,,,lighter,3.4564784
mobilenet_v3_1.0_224_large_minimalistic,label,0.19585824012756348
,,,match,4.529734
,,,nematode,4.384718
,,,spotlight,3.5823476
,,,digital clock,3.4603896
,,,lighter,3.450648
mobilenet_v3_1.0_224_large_minimalistic,label,0.20058059692382812
,,,match,4.5189896
,,,nematode,4.352731
,,,spotlight,3.5871112
,,,digital clock,3.4555814
,,,lighter,3.4475276
mobilenet_v3_1.0_224_large_minimalistic,label,0.20058059692382812
,,,match,4.5309396
,,,nematode,4.3870606
,,,spotlight,3.5878437
,,,digital clock,3.4675984
,,,lighter,3.444468
mobilenet_v3_1.0_224_large_minimalistic,label,0.18894505500793457
,,,match,4.5390296
,,,nematode,4.355988
,,,spotlight,3.5891693
,,,lighter,3.4575953
,,,digital clock,3.451956
mobilenet_v3_1.0_224_large_minimalistic,label,0.18894505500793457
,,,match,4.5316753
,,,nematode,4.355682
,,,spotlight,3.5907557
,,,digital clock,3.454304
,,,lighter,3.44657
mobilenet_v3_1.0_224_large_minimalistic,label,0.19011306762695312
,,,match,4.5282235
,,,nematode,4.3663287
,,,spotlight,3.5752552
,,,lighter,3.4530528
,,,digital clock,3.4491858
mobilenet_v3_1.0_224_large_minimalistic,label,0.19011306762695312
,,,match,4.5245833
,,,nematode,4.3811717
,,,spotlight,3.5780418
,,,digital clock,3.4652157
,,,lighter,3.4461
mobilenet_v3_1.0_224_large_minimalistic,label,0.18831777572631836
,,,match,4.507009
,,,nematode,4.344685
,,,spotlight,3.57745
,,,digital clock,3.4450529
,,,lighter,3.4418197
mobilenet_v3_1.0_224_large_minimalistic,label,0.18831777572631836
,,,match,4.527107
,,,nematode,4.369821
,,,spotlight,3.5931456
,,,digital clock,3.460491
,,,lighter,3.4498365
mobilenet_v3_1.0_224_large_minimalistic,label,0.1816272735595703
,,,match,4.525989
,,,nematode,4.3632474
,,,spotlight,3.576083
,,,digital clock,3.4551988
,,,lighter,3.447473
mobilenet_v3_1.0_224_large_minimalistic,label,0.1816272735595703
,,,match,4.530604
,,,nematode,4.3702054
,,,spotlight,3.5864713
,,,digital clock,3.4637759
,,,lighter,3.456069
mobilenet_v3_1.0_224_large_minimalistic,label,0.1919875144958496
,,,match,4.5218344
,,,nematode,4.365952
,,,spotlight,3.5954325
,,,digital clock,3.4614522
,,,lighter,3.4487255
mobilenet_v3_1.0_224_large_minimalistic,label,0.1919875144958496
,,,match,4.514577
,,,nematode,4.38115
,,,spotlight,3.5896752
,,,digital clock,3.4571369
,,,lighter,3.441756
mobilenet_v3_1.0_224_large_minimalistic,label,0.19301962852478027
,,,match,4.524307
,,,nematode,4.360206
,,,spotlight,3.5863492
,,,digital clock,3.453574
,,,lighter,3.4523914
mobilenet_v3_1.0_224_large_minimalistic,label,0.19301962852478027
,,,match,4.540327
,,,nematode,4.3711095
,,,spotlight,3.5836613
,,,digital clock,3.4651432
,,,lighter,3.456337
mobilenet_v3_1.0_224_large_minimalistic,label,0.1965961456298828
,,,match,4.5333114
,,,nematode,4.351703
,,,spotlight,3.5799444
,,,digital clock,3.4605653
,,,lighter,3.4517696
mobilenet_v3_1.0_224_large_minimalistic,label,0.1965961456298828
,,,match,4.5314555
,,,nematode,4.3817763
,,,spotlight,3.5734327
,,,digital clock,3.4567776
,,,lighter,3.44592
mobilenet_v3_1.0_224_large_minimalistic,label,0.19405508041381836
,,,match,4.5236
,,,nematode,4.3671947
,,,spotlight,3.5805686
,,,digital clock,3.4592874
,,,lighter,3.450415
mobilenet_v3_1.0_224_large_minimalistic,label,0.19405508041381836
,,,match,4.533675
,,,nematode,4.37009
,,,spotlight,3.5872867
,,,digital clock,3.4641056
,,,lighter,3.4515874
mobilenet_v3_1.0_224_large_minimalistic,label,0.18984007835388184
,,,match,4.514672
,,,nematode,4.368219
,,,spotlight,3.5876997
,,,lighter,3.4467914
,,,digital clock,3.4428825
mobilenet_v3_1.0_224_large_minimalistic,label,0.18984007835388184
,,,match,4.5376377
,,,nematode,4.363871
,,,spotlight,3.5868137
,,,digital clock,3.4594204
,,,lighter,3.4578478
mobilenet_v3_1.0_224_large_minimalistic,label,0.19430923461914062
,,,match,4.522516
,,,nematode,4.37505
,,,spotlight,3.5813181
,,,digital clock,3.4577415
,,,lighter,3.4488127
mobilenet_v3_1.0_224_large_minimalistic,label,0.19430923461914062
,,,match,4.5280576
,,,nematode,4.359752
,,,spotlight,3.5833328
,,,digital clock,3.4573894
,,,lighter,3.4501116
mobilenet_v3_1.0_224_small_minimalistic,label,0.05449652671813965
,,,match,4.547009
,,,nematode,4.2641635
,,,spotlight,3.6643398
,,,digital clock,3.5576556
,,,jack-o'-lantern,3.1271896
mobilenet_v3_1.0_224_small_minimalistic,label,0.05449652671813965
,,,match,4.519556
,,,nematode,4.208533
,,,spotlight,3.6296613
,,,digital clock,3.5314162
,,,jack-o'-lantern,3.1087933
mobilenet_v3_1.0_224_small_minimalistic,label,0.05359697341918945
,,,match,4.526822
,,,nematode,4.2478194
,,,spotlight,3.6406467
,,,digital clock,3.5497775
,,,jack-o'-lantern,3.1091871
mobilenet_v3_1.0_224_small_minimalistic,label,0.05359697341918945
,,,match,4.5270014
,,,nematode,4.234591
,,,spotlight,3.648423
,,,digital clock,3.547735
,,,jack-o'-lantern,3.1124578
mobilenet_v3_1.0_224_small_minimalistic,label,0.05664873123168945
,,,match,4.515051
,,,nematode,4.243278
,,,spotlight,3.6201627
,,,digital clock,3.5358682
,,,jack-o'-lantern,3.0968752
mobilenet_v3_1.0_224_small_minimalistic,label,0.05664873123168945
,,,match,4.541691
,,,nematode,4.2649546
,,,spotlight,3.663616
,,,digital clock,3.5505092
,,,jack-o'-lantern,3.1219056
mobilenet_v3_1.0_224_small_minimalistic,label,0.056915283203125
,,,match,4.5329514
,,,nematode,4.2394075
,,,spotlight,3.648825
,,,digital clock,3.5525458
,,,jack-o'-lantern,3.123181
mobilenet_v3_1.0_224_small_minimalistic,label,0.056915283203125
,,,match,4.534039
,,,nematode,4.248517
,,,spotlight,3.6488302
,,,digital clock,3.5502465
,,,jack-o'-lantern,3.1202002
mobilenet_v3_1.0_224_small_minimalistic,label,0.0542905330657959
,,,match,4.503791
,,,nematode,4.230311
,,,spotlight,3.6126182
,,,digital clock,3.5286028
,,,jack-o'-lantern,3.0935392
mobilenet_v3_1.0_224_small_minimalistic,label,0.0542905330657959
,,,match,4.5498157
,,,nematode,4.284759
,,,spotlight,3.6712506
,,,digital clock,3.5715864
,,,jack-o'-lantern,3.1380844
mobilenet_v3_1.0_224_small_minimalistic,label,0.0581212043762207
,,,match,4.531093
,,,nematode,4.233623
,,,spotlight,3.6524951
,,,digital clock,3.537445
,,,jack-o'-lantern,3.1154861
mobilenet_v3_1.0_224_small_minimalistic,label,0.0581212043762207
,,,match,4.545064
,,,nematode,4.254946
,,,spotlight,3.6652095
,,,digital clock,3.5507505
,,,jack-o'-lantern,3.1292315
mobilenet_v3_1.0_224_small_minimalistic,label,0.0652933120727539
,,,match,4.540091
,,,nematode,4.2351336
,,,spotlight,3.6633832
,,,digital clock,3.5514812
,,,jack-o'-lantern,3.1269724
mobilenet_v3_1.0_224_small_minimalistic,label,0.0652933120727539
,,,match,4.5297546
,,,nematode,4.25409
,,,spotlight,3.6447456
,,,digital clock,3.5489132
,,,jack-o'-lantern,3.1146502
mobilenet_v3_1.0_224_small_minimalistic,label,0.05658411979675293
,,,match,4.520466
,,,nematode,4.2559266
,,,spotlight,3.6419632
,,,digital clock,3.546757
,,,jack-o'-lantern,3.1116781
mobilenet_v3_1.0_224_small_minimalistic,label,0.05658411979675293
,,,match,4.52906
,,,nematode,4.25233
,,,spotlight,3.6497576
,,,digital clock,3.5515137
,,,jack-o'-lantern,3.1184278
mobilenet_v3_1.0_224_small_minimalistic,label,0.05717110633850098
,,,match,4.527466
,,,nematode,4.245148
,,,spotlight,3.645375
,,,digital clock,3.5405796
,,,jack-o'-lantern,3.114698
mobilenet_v3_1.0_224_small_minimalistic,label,0.05717110633850098
,,,match,4.538357
,,,nematode,4.2406387
,,,spotlight,3.6585977
,,,digital clock,3.5529854
,,,jack-o'-lantern,3.1212559
mobilenet_v3_1.0_224_small_minimalistic,label,0.0521998405456543
,,,match,4.5283203
,,,nematode,4.235822
,,,spotlight,3.6492698
,,,digital clock,3.5436144
,,,jack-o'-lantern,3.1226711
mobilenet_v3_1.0_224_small_minimalistic,label,0.0521998405456543
,,,match,4.560339
,,,nematode,4.24277
,,,spotlight,3.6812522
,,,digital clock,3.5590959
,,,jack-o'-lantern,3.140601
mobilenet_v3_1.0_224_small_minimalistic,label,0.0572507381439209
,,,match,4.542368
,,,nematode,4.278703
,,,spotlight,3.670081
,,,digital clock,3.5675805
,,,jack-o'-lantern,3.1347857
mobilenet_v3_1.0_224_small_minimalistic,label,0.0572507381439209
,,,match,4.52342
,,,nematode,4.2460656
,,,spotlight,3.6377304
,,,digital clock,3.5440438
,,,jack-o'-lantern,3.1116242
mobilenet_v3_1.0_224_small_minimalistic,label,0.05931353569030762
,,,match,4.5356827
,,,nematode,4.250713
,,,spotlight,3.6586916
,,,digital clock,3.549272
,,,jack-o'-lantern,3.1214066
mobilenet_v3_1.0_224_small_minimalistic,label,0.05931353569030762
,,,match,4.5306816
,,,nematode,4.227892
,,,spotlight,3.6456468
,,,digital clock,3.5453358
,,,jack-o'-lantern,3.1175306
mobilenet_v3_1.0_224_small_minimalistic,label,0.050070762634277344
,,,match,4.523851
,,,nematode,4.230283
,,,spotlight,3.6331832
,,,digital clock,3.538768
,,,jack-o'-lantern,3.1058974
mobilenet_v3_1.0_224_small_minimalistic,label,0.050070762634277344
,,,match,4.520089
,,,nematode,4.2436457
,,,spotlight,3.6356103
,,,digital clock,3.542496
,,,jack-o'-lantern,3.1088347
mobilenet_v3_1.0_224_small_minimalistic,label,0.06346917152404785
,,,match,4.5228987
,,,nematode,4.2394953
,,,spotlight,3.6438577
,,,digital clock,3.5375142
,,,jack-o'-lantern,3.1157951
mobilenet_v3_1.0_224_small_minimalistic,label,0.06346917152404785
,,,match,4.537924
,,,nematode,4.2715106
,,,spotlight,3.656832
,,,digital clock,3.5512044
,,,jack-o'-lantern,3.11838
mobilenet_v3_1.0_224_small_minimalistic,label,0.05345726013183594
,,,match,4.543988
,,,nematode,4.256783
,,,spotlight,3.6605642
,,,digital clock,3.5588548
,,,jack-o'-lantern,3.1293771
mobilenet_v3_1.0_224_small_minimalistic,label,0.05345726013183594
,,,match,4.5592446
,,,nematode,4.3023086
,,,spotlight,3.6939237
,,,digital clock,3.5704463
,,,jack-o'-lantern,3.1449175
mobilenet_v3_1.0_224_small_minimalistic,label,0.05765104293823242
,,,match,4.540228
,,,nematode,4.252555
,,,spotlight,3.6609333
,,,digital clock,3.555467
,,,jack-o'-lantern,3.130278
mobilenet_v3_1.0_224_small_minimalistic,label,0.05765104293823242
,,,match,4.543627
,,,nematode,4.2319083
,,,spotlight,3.661618
,,,digital clock,3.5468328
,,,jack-o'-lantern,3.1226401
mobilenet_v3_1.0_224_uint8,label,0.5710957050323486
,,,spotlight,5.2804093
,,,digital clock,4.5151324
,,,lampshade,4.209022
,,,match,4.0559664
,,,nematode,4.0559664
mobilenet_v3_1.0_224_uint8,label,0.5710957050323486
,,,spotlight,5.2804093
,,,digital clock,4.362077
,,,lampshade,4.132494
,,,nematode,4.0559664
,,,match,3.9029112
mobilenet_v3_1.0_224_uint8,label,0.5717282295227051
,,,spotlight,4.9742985
,,,digital clock,4.362077
,,,nematode,4.0559664
,,,lampshade,3.7498558
,,,match,3.6733282
mobilenet_v3_1.0_224_uint8,label,0.5717282295227051
,,,spotlight,5.050826
,,,digital clock,4.438605
,,,nematode,4.2855496
,,,match,3.9794388
,,,lampshade,3.8263836
mobilenet_v3_1.0_224_uint8,label,0.5696530342102051
,,,spotlight,5.2038817
,,,digital clock,4.132494
,,,lampshade,3.8263836
,,,match,3.8263836
,,,nematode,3.7498558
mobilenet_v3_1.0_224_uint8,label,0.5696530342102051
,,,spotlight,4.668188
,,,digital clock,4.2855496
,,,nematode,4.209022
,,,match,3.7498558
,,,lampshade,3.6733282
mobilenet_v3_1.0_224_uint8,label,0.5724649429321289
,,,spotlight,4.438605
,,,digital clock,4.132494
,,,nematode,4.0559664
,,,lampshade,3.9029112
,,,match,3.5202727
mobilenet_v3_1.0_224_uint8,label,0.5724649429321289
,,,spotlight,4.8212433
,,,digital clock,4.362077
,,,nematode,4.209022
,,,lampshade,3.8263836
,,,match,3.8263836
mobilenet_v3_1.0_224_uint8,label,0.5689303874969482
,,,spotlight,4.5151324
,,,digital clock,4.209022
,,,nematode,3.9029112
,,,match,3.7498558
,,,lampshade,3.7498558
mobilenet_v3_1.0_224_uint8,label,0.5689303874969482
,,,spotlight,4.8212433
,,,digital clock,4.2855496
,,,nematode,4.132494
,,,lampshade,3.9794388
,,,match,3.9029112
mobilenet_v3_1.0_224_uint8,label,0.5698158740997314
,,,spotlight,4.59166
,,,digital clock,4.438605
,,,nematode,4.2855496
,,,lampshade,3.7498558
,,,match,3.5968006
mobilenet_v3_1.0_224_uint8,label,0.5698158740997314
,,,spotlight,4.897771
,,,digital clock,4.2855496
,,,lampshade,3.9029112
,,,match,3.8263836
,,,nematode,3.7498558
mobilenet_v3_1.0_224_uint8,label,0.5722923278808594
,,,spotlight,5.050826
,,,digital clock,4.362077
,,,nematode,4.2855496
,,,lampshade,4.0559664
,,,match,3.8263836
mobilenet_v3_1.0_224_uint8,label,0.5722923278808594
,,,spotlight,5.1273537
,,,digital clock,4.5151324
,,,nematode,4.2855496
,,,lampshade,3.9794388
,,,match,3.7498558
mobilenet_v3_1.0_224_uint8,label,0.5767014026641846
,,,spotlight,4.897771
,,,digital clock,4.2855496
,,,nematode,4.209022
,,,lampshade,3.7498558
,,,match,3.6733282
mobilenet_v3_1.0_224_uint8,label,0.5767014026641846
,,,spotlight,4.897771
,,,digital clock,4.362077
,,,nematode,4.0559664
,,,lampshade,3.6733282
,,,match,3.6733282
mobilenet_v3_1.0_224_uint8,label,0.5698058605194092
,,,spotlight,4.8212433
,,,digital clock,4.2855496
,,,nematode,4.132494
,,,lampshade,3.7498558
,,,match,3.5202727
mobilenet_v3_1.0_224_uint8,label,0.5698058605194092
,,,spotlight,4.668188
,,,digital clock,4.209022
,,,nematode,3.9029112
,,,match,3.6733282
,,,lampshade,3.5968006
mobilenet_v3_1.0_224_uint8,label,0.5695919990539551
,,,spotlight,4.7447157
,,,digital clock,4.132494
,,,nematode,4.0559664
,,,lampshade,3.6733282
,,,match,3.5968006
mobilenet_v3_1.0_224_uint8,label,0.5695919990539551
,,,spotlight,5.2804093
,,,digital clock,4.362077
,,,nematode,4.0559664
,,,lampshade,3.8263836
,,,match,3.8263836
mobilenet_v3_1.0_224_uint8,label,0.5701689720153809
,,,spotlight,5.1273537
,,,digital clock,4.5151324
,,,nematode,4.132494
,,,lampshade,3.9029112
,,,match,3.9029112
mobilenet_v3_1.0_224_uint8,label,0.5701689720153809
,,,spotlight,5.2038817
,,,digital clock,4.59166
,,,nematode,4.132494
,,,lampshade,3.9794388
,,,match,3.9029112
mobilenet_v3_1.0_224_uint8,label,0.5696737766265869
,,,spotlight,4.897771
,,,digital clock,4.2855496
,,,nematode,4.132494
,,,lampshade,3.8263836
,,,match,3.5968006
mobilenet_v3_1.0_224_uint8,label,0.5696737766265869
,,,spotlight,4.897771
,,,digital clock,4.2855496
,,,nematode,4.0559664
,,,match,4.0559664
,,,lampshade,3.7498558
mobilenet_v3_1.0_224_uint8,label,0.5702126026153564
,,,spotlight,4.897771
,,,nematode,4.2855496
,,,digital clock,4.2855496
,,,lampshade,3.7498558
,,,barn spider,3.4437451
mobilenet_v3_1.0_224_uint8,label,0.5702126026153564
,,,spotlight,4.8212433
,,,digital clock,4.438605
,,,nematode,4.362077
,,,match,3.7498558
,,,lampshade,3.7498558
mobilenet_v3_1.0_224_uint8,label,0.5697569847106934
,,,spotlight,4.7447157
,,,digital clock,4.5151324
,,,nematode,4.438605
,,,lampshade,3.9029112
,,,match,3.6733282
mobilenet_v3_1.0_224_uint8,label,0.5697569847106934
,,,spotlight,4.9742985
,,,digital clock,4.438605
,,,nematode,4.209022
,,,match,4.0559664
,,,lampshade,3.9794388
mobilenet_v3_1.0_224_uint8,label,0.5755276679992676
,,,spotlight,5.1273537
,,,digital clock,4.2855496
,,,lampshade,3.9029112
,,,nematode,3.9029112
,,,match,3.7498558
mobilenet_v3_1.0_224_uint8,label,0.5755276679992676
,,,spotlight,4.9742985
,,,digital clock,4.2855496
,,,nematode,4.132494
,,,lampshade,4.0559664
,,,match,3.9029112
mobilenet_v3_1.0_224_uint8,label,0.5725476741790771
,,,spotlight,4.9742985
,,,digital clock,4.438605
,,,lampshade,4.0559664
,,,match,3.9794388
,,,nematode,3.8263836
mobilenet_v3_1.0_224_uint8,label,0.5725476741790771
,,,spotlight,4.897771
,,,digital clock,4.2855496
,,,nematode,4.209022
,,,lampshade,3.7498558
,,,match,3.6733282
mobilenet_v3_1.0_224_large,label,0.21321749687194824
,,,match,5.215996
,,,lighter,4.3264546
,,,spotlight,4.079098
,,,digital clock,4.0781484
,,,nematode,4.055993
mobilenet_v3_1.0_224_large,label,0.21321749687194824
,,,match,5.2153234
,,,lighter,4.325018
,,,spotlight,4.0786986
,,,digital clock,4.0713053
,,,nematode,4.043145
mobilenet_v3_1.0_224_large,label,0.22403383255004883
,,,match,5.2108736
,,,lighter,4.3244414
,,,spotlight,4.0808864
,,,digital clock,4.0736756
,,,nematode,4.042079
mobilenet_v3_1.0_224_large,label,0.22403383255004883
,,,match,5.213397
,,,lighter,4.321433
,,,spotlight,4.0815086
,,,digital clock,4.076595
,,,nematode,4.0531425
mobilenet_v3_1.0_224_large,label,0.2238311767578125
,,,match,5.208
,,,lighter,4.322553
,,,spotlight,4.085115
,,,digital clock,4.0749016
,,,nematode,4.0465326
mobilenet_v3_1.0_224_large,label,0.2238311767578125
,,,match,5.199662
,,,lighter,4.312721
,,,spotlight,4.077763
,,,digital clock,4.06865
,,,nematode,4.0406938
mobilenet_v3_1.0_224_large,label,0.22827816009521484
,,,match,5.20617
,,,lighter,4.315781
,,,spotlight,4.0751133
,,,digital clock,4.063004
,,,nematode,4.0398874
mobilenet_v3_1.0_224_large,label,0.22827816009521484
,,,match,5.202712
,,,lighter,4.320155
,,,spotlight,4.077549
,,,digital clock,4.0768566
,,,nematode,4.0419807
mobilenet_v3_1.0_224_large,label,0.22818303108215332
,,,match,5.219811
,,,lighter,4.337573
,,,spotlight,4.088033
,,,digital clock,4.078949
,,,nematode,4.0357347
mobilenet_v3_1.0_224_large,label,0.22818303108215332
,,,match,5.1999817
,,,lighter,4.316214
,,,spotlight,4.0725684
,,,digital clock,4.0638227
,,,nematode,4.0390015
mobilenet_v3_1.0_224_large,label,0.21492218971252441
,,,match,5.206193
,,,lighter,4.316119
,,,spotlight,4.0806885
,,,digital clock,4.0653653
,,,nematode,4.037528
mobilenet_v3_1.0_224_large,label,0.21492218971252441
,,,match,5.2100887
,,,lighter,4.3265285
,,,spotlight,4.0776796
,,,digital clock,4.0693483
,,,nematode,4.040902
mobilenet_v3_1.0_224_large,label,0.22663259506225586
,,,match,5.2015247
,,,lighter,4.3131227
,,,spotlight,4.081487
,,,digital clock,4.070366
,,,nematode,4.045298
mobilenet_v3_1.0_224_large,label,0.22663259506225586
,,,match,5.2139277
,,,lighter,4.325418
,,,spotlight,4.0822372
,,,digital clock,4.076668
,,,nematode,4.0503416
mobilenet_v3_1.0_224_large,label,0.2191312313079834
,,,match,5.2054057
,,,lighter,4.3221164
,,,spotlight,4.0820055
,,,digital clock,4.0723624
,,,nematode,4.031889
mobilenet_v3_1.0_224_large,label,0.2191312313079834
,,,match,5.2015333
,,,lighter,4.3133016
,,,spotlight,4.079116
,,,digital clock,4.071632
,,,nematode,4.0419846
mobilenet_v3_1.0_224_large,label,0.22322440147399902
,,,match,5.2103148
,,,lighter,4.3242645
,,,spotlight,4.088638
,,,digital clock,4.0685496
,,,nematode,4.028644
mobilenet_v3_1.0_224_large,label,0.22322440147399902
,,,match,5.200615
,,,lighter,4.3186665
,,,spotlight,4.079898
,,,digital clock,4.0689626
,,,nematode,4.0353765
mobilenet_v3_1.0_224_large,label,0.23031377792358398
,,,match,5.2106147
,,,lighter,4.3244033
,,,spotlight,4.0788946
,,,digital clock,4.0709076
,,,nematode,4.0430408
mobilenet_v3_1.0_224_large,label,0.23031377792358398
,,,match,5.215649
,,,lighter,4.330187
,,,spotlight,4.0819106
,,,digital clock,4.076545
,,,nematode,4.0366807
mobilenet_v3_1.0_224_large,label,0.22388982772827148
,,,match,5.2066145
,,,lighter,4.3238463
,,,spotlight,4.0778766
,,,digital clock,4.0723643
,,,nematode,4.040821
mobilenet_v3_1.0_224_large,label,0.22388982772827148
,,,match,5.209778
,,,lighter,4.3223495
,,,spotlight,4.0909853
,,,digital clock,4.071897
,,,nematode,4.0282154
mobilenet_v3_1.0_224_large,label,0.2246384620666504
,,,match,5.2087398
,,,lighter,4.32659
,,,spotlight,4.090013
,,,digital clock,4.073879
,,,nematode,4.026763
mobilenet_v3_1.0_224_large,label,0.2246384620666504
,,,match,5.20691
,,,lighter,4.3215756
,,,spotlight,4.081817
,,,digital clock,4.0714645
,,,nematode,4.0392528
mobilenet_v3_1.0_224_large,label,0.22844195365905762
,,,match,5.2029862
,,,lighter,4.3158097
,,,spotlight,4.07309
,,,digital clock,4.070328
,,,nematode,4.050452
mobilenet_v3_1.0_224_large,label,0.22844195365905762
,,,match,5.210571
,,,lighter,4.3217144
,,,spotlight,4.079174
,,,digital clock,4.072484
,,,nematode,4.044899
mobilenet_v3_1.0_224_large,label,0.22593903541564941
,,,match,5.2042627
,,,lighter,4.3174896
,,,spotlight,4.0804944
,,,digital clock,4.0759974
,,,nematode,4.059182
mobilenet_v3_1.0_224_large,label,0.22593903541564941
,,,match,5.207901
,,,lighter,4.325149
,,,spotlight,4.0851264
,,,digital clock,4.0719957
,,,nematode,4.03444
mobilenet_v3_1.0_224_large,label,0.22170448303222656
,,,match,5.205405
,,,lighter,4.323793
,,,spotlight,4.081733
,,,digital clock,4.0713673
,,,nematode,4.0363455
mobilenet_v3_1.0_224_large,label,0.22170448303222656
,,,match,5.2126236
,,,lighter,4.327854
,,,spotlight,4.079782
,,,digital clock,4.073597
,,,nematode,4.0388165
mobilenet_v3_1.0_224_large,label,0.22316551208496094
,,,match,5.2087574
,,,lighter,4.32282
,,,spotlight,4.086831
,,,digital clock,4.073424
,,,nematode,4.0367346
mobilenet_v3_1.0_224_large,label,0.22316551208496094
,,,match,5.2163124
,,,lighter,4.3254423
,,,spotlight,4.083912
,,,digital clock,4.076764
,,,nematode,4.0459094
mobilenet_v3_1.0_224_small,label,0.07221221923828125
,,,match,4.8508415
,,,spotlight,4.1004624
,,,nematode,4.037745
,,,digital clock,4.0273914
,,,lighter,3.9001415
mobilenet_v3_1.0_224_small,label,0.07221221923828125
,,,match,4.8428745
,,,spotlight,4.0863247
,,,nematode,4.041023
,,,digital clock,4.026139
,,,lighter,3.8998058
mobilenet_v3_1.0_224_small,label,0.0681619644165039
,,,match,4.8428173
,,,spotlight,4.0786734
,,,nematode,4.0412154
,,,digital clock,4.0220423
,,,lighter,3.8947868
mobilenet_v3_1.0_224_small,label,0.0681619644165039
,,,match,4.851778
,,,spotlight,4.089182
,,,nematode,4.036718
,,,digital clock,4.023981
,,,lighter,3.9038084
mobilenet_v3_1.0_224_small,label,0.07182693481445312
,,,match,4.8310776
,,,spotlight,4.0773096
,,,nematode,4.0464945
,,,digital clock,4.021323
,,,lighter,3.8876061
mobilenet_v3_1.0_224_small,label,0.07182693481445312
,,,match,4.8284874
,,,spotlight,4.0749335
,,,nematode,4.035322
,,,digital clock,4.0145354
,,,lighter,3.8928468
mobilenet_v3_1.0_224_small,label,0.06589818000793457
,,,match,4.8390083
,,,spotlight,4.0721498
,,,nematode,4.0401044
,,,digital clock,4.0194573
,,,lighter,3.898662
mobilenet_v3_1.0_224_small,label,0.06589818000793457
,,,match,4.807872
,,,spotlight,4.064549
,,,nematode,4.0230956
,,,digital clock,3.9972506
,,,lighter,3.8745778
mobilenet_v3_1.0_224_small,label,0.06901001930236816
,,,match,4.8627014
,,,spotlight,4.0983253
,,,nematode,4.051797
,,,digital clock,4.04458
,,,lighter,3.91343
mobilenet_v3_1.0_224_small,label,0.06901001930236816
,,,match,4.8367805
,,,spotlight,4.080376
,,,nematode,4.032073
,,,digital clock,4.0090055
,,,lighter,3.898753
mobilenet_v3_1.0_224_small,label,0.0627908706665039
,,,match,4.8006334
,,,spotlight,4.0660377
,,,nematode,4.0359735
,,,digital clock,4.0047064
,,,lighter,3.8747141
mobilenet_v3_1.0_224_small,label,0.0627908706665039
,,,match,4.8144846
,,,spotlight,4.0623207
,,,nematode,4.0264516
,,,digital clock,4.001374
,,,lighter,3.882643
mobilenet_v3_1.0_224_small,label,0.06286358833312988
,,,match,4.826618
,,,spotlight,4.066667
,,,nematode,4.056578
,,,digital clock,4.0164924
,,,lighter,3.8882806
mobilenet_v3_1.0_224_small,label,0.06286358833312988
,,,match,4.8234854
,,,spotlight,4.0730987
,,,nematode,4.0423517
,,,digital clock,4.009512
,,,lighter,3.8862479
mobilenet_v3_1.0_224_small,label,0.0628359317779541
,,,match,4.8508196
,,,spotlight,4.0886374
,,,nematode,4.0473638
,,,digital clock,4.026942
,,,lighter,3.9066832
mobilenet_v3_1.0_224_small,label,0.0628359317779541
,,,match,4.837512
,,,spotlight,4.0895276
,,,nematode,4.064129
,,,digital clock,4.024762
,,,lighter,3.8998492
mobilenet_v3_1.0_224_small,label,0.0676112174987793
,,,match,4.8382807
,,,spotlight,4.086022
,,,nematode,4.0354266
,,,digital clock,4.0174985
,,,lighter,3.8939407
mobilenet_v3_1.0_224_small,label,0.0676112174987793
,,,match,4.825079
,,,spotlight,4.0606756
,,,nematode,4.0500693
,,,digital clock,4.0133343
,,,lighter,3.8802223
mobilenet_v3_1.0_224_small,label,0.06351971626281738
,,,match,4.842559
,,,spotlight,4.0748587
,,,nematode,4.0597515
,,,digital clock,4.0169296
,,,lighter,3.899644
mobilenet_v3_1.0_224_small,label,0.06351971626281738
,,,match,4.823571
,,,spotlight,4.074212
,,,nematode,4.0330315
,,,digital clock,4.0068536
,,,lighter,3.8867853
mobilenet_v3_1.0_224_small,label,0.06234550476074219
,,,match,4.774882
,,,spotlight,4.0431933
,,,nematode,4.033234
,,,digital clock,3.9944417
,,,lighter,3.8658762
mobilenet_v3_1.0_224_small,label,0.06234550476074219
,,,match,4.8477287
,,,spotlight,4.087239
,,,nematode,4.034037
,,,digital clock,4.015786
,,,lighter,3.9022768
mobilenet_v3_1.0_224_small,label,0.06702613830566406
,,,match,4.870015
,,,spotlight,4.099218
,,,nematode,4.032565
,,,digital clock,4.029951
,,,lighter,3.9194465
mobilenet_v3_1.0_224_small,label,0.06702613830566406
,,,match,4.827795
,,,spotlight,4.0714374
,,,nematode,4.051648
,,,digital clock,4.0201006
,,,lighter,3.888624
mobilenet_v3_1.0_224_small,label,0.06851649284362793
,,,match,4.815346
,,,spotlight,4.0706058
,,,nematode,4.044263
,,,digital clock,4.0137706
,,,lighter,3.8750525
mobilenet_v3_1.0_224_small,label,0.06851649284362793
,,,match,4.8115897
,,,spotlight,4.0592065
,,,nematode,4.0410814
,,,digital clock,4.012875
,,,lighter,3.8851187
mobilenet_v3_1.0_224_small,label,0.062270164489746094
,,,match,4.8252544
,,,spotlight,4.075224
,,,nematode,4.0380125
,,,digital clock,4.020124
,,,lighter,3.9002388
mobilenet_v3_1.0_224_small,label,0.062270164489746094
,,,match,4.8098054
,,,spotlight,4.066129
,,,nematode,4.034929
,,,digital clock,4.006845
,,,lighter,3.8848648
mobilenet_v3_1.0_224_small,label,0.06818032264709473
,,,match,4.8567295
,,,spotlight,4.0885277
,,,nematode,4.036001
,,,digital clock,4.0236745
,,,lighter,3.9021366
mobilenet_v3_1.0_224_small,label,0.06818032264709473
,,,match,4.8238983
,,,spotlight,4.0745707
,,,nematode,4.0410924
,,,digital clock,4.0176497
,,,lighter,3.887406
mobilenet_v3_1.0_224_small,label,0.06815791130065918
,,,match,4.8150487
,,,spotlight,4.0577564
,,,nematode,4.0427785
,,,digital clock,4.018573
,,,lighter,3.8836515
mobilenet_v3_1.0_224_small,label,0.06815791130065918
,,,match,4.8242283
,,,spotlight,4.0757937
,,,nematode,4.037675
,,,digital clock,4.020961
,,,lighter,3.8894846
