"ModelName","Label","InferenceTime","Recognition","Accuracy"
mobilenet_v3_1.0_224_small_uint8,label,0.7012078762054443
,,,digital clock,5.5034986
,,,spotlight,5.110391
,,,nematode,4.5600414
,,,oscilloscope,3.9310703
,,,match,3.9310703
mobilenet_v3_1.0_224_small_uint8,label,0.7012078762054443
,,,digital clock,5.5034986
,,,spotlight,5.110391
,,,nematode,4.245556
,,,window screen,4.088313
,,,match,3.6952062
mobilenet_v3_1.0_224_small_uint8,label,0.7012078762054443
,,,digital clock,5.5034986
,,,spotlight,5.424877
,,,nematode,4.638663
,,,match,4.1669345
,,,window screen,4.088313
mobilenet_v3_1.0_224_small_uint8,label,0.7012078762054443
,,,digital clock,5.817984
,,,spotlight,5.110391
,,,nematode,4.717284
,,,oscilloscope,4.088313
,,,window screen,4.0096917
mobilenet_v3_1.0_224_small_uint8,label,0.7012078762054443
,,,digital clock,5.6607413
,,,spotlight,5.110391
,,,window screen,4.4027987
,,,nematode,4.3241773
,,,oscilloscope,4.0096917
mobilenet_v3_1.0_224_small_uint8,label,0.7012078762054443
,,,digital clock,5.424877
,,,spotlight,5.0317698
,,,nematode,4.1669345
,,,window screen,3.852449
,,,match,3.6165848
mobilenet_v3_1.0_224_small_uint8,label,0.7012078762054443
,,,digital clock,5.7393627
,,,spotlight,5.1890125
,,,nematode,4.7959056
,,,window screen,4.5600414
,,,oscilloscope,4.3241773
mobilenet_v3_1.0_224_small_uint8,label,0.7012078762054443
,,,digital clock,5.424877
,,,spotlight,5.424877
,,,nematode,4.3241773
,,,match,4.088313
,,,window screen,3.9310703
mobilenet_v3_1.0_224_small_uint8,label,0.7008936405181885
,,,digital clock,5.424877
,,,spotlight,5.2676344
,,,nematode,4.3241773
,,,match,4.088313
,,,window screen,3.7738276
mobilenet_v3_1.0_224_small_uint8,label,0.7008936405181885
,,,digital clock,5.6607413
,,,spotlight,5.346256
,,,nematode,4.48142
,,,window screen,4.1669345
,,,oscilloscope,4.088313
mobilenet_v3_1.0_224_small_uint8,label,0.7008936405181885
,,,digital clock,5.6607413
,,,spotlight,5.424877
,,,nematode,4.5600414
,,,match,4.1669345
,,,oscilloscope,3.9310703
mobilenet_v3_1.0_224_small_uint8,label,0.7008936405181885
,,,digital clock,5.424877
,,,spotlight,5.346256
,,,window screen,4.0096917
,,,nematode,3.7738276
,,,match,3.6165848
mobilenet_v3_1.0_224_small_uint8,label,0.7008936405181885
,,,digital clock,5.2676344
,,,spotlight,5.110391
,,,nematode,4.245556
,,,match,3.6952062
,,,oscilloscope,3.5379634
mobilenet_v3_1.0_224_small_uint8,label,0.7008936405181885
,,,digital clock,5.110391
,,,spotlight,4.7959056
,,,nematode,4.3241773
,,,match,3.6952062
,,,oscilloscope,3.6165848
mobilenet_v3_1.0_224_small_uint8,label,0.7008936405181885
,,,digital clock,5.424877
,,,spotlight,5.1890125
,,,nematode,4.7959056
,,,match,3.7738276
,,,window screen,3.6165848
mobilenet_v3_1.0_224_small_uint8,label,0.7008936405181885
,,,digital clock,5.58212
,,,spotlight,5.5034986
,,,nematode,4.48142
,,,match,4.0096917
,,,window screen,3.9310703
mobilenet_v3_1.0_224_small_uint8,label,0.7090456485748291
,,,digital clock,5.6607413
,,,spotlight,5.424877
,,,nematode,4.638663
,,,match,4.4027987
,,,oscilloscope,3.6165848
mobilenet_v3_1.0_224_small_uint8,label,0.7090456485748291
,,,digital clock,5.5034986
,,,spotlight,5.1890125
,,,nematode,4.638663
,,,match,4.245556
,,,window screen,3.459342
mobilenet_v3_1.0_224_small_uint8,label,0.7090456485748291
,,,digital clock,5.424877
,,,spotlight,5.0317698
,,,nematode,4.638663
,,,oscilloscope,4.0096917
,,,match,3.7738276
mobilenet_v3_1.0_224_small_uint8,label,0.7090456485748291
,,,digital clock,5.7393627
,,,spotlight,5.346256
,,,nematode,4.4027987
,,,match,3.7738276
,,,window screen,3.7738276
mobilenet_v3_1.0_224_small_uint8,label,0.7090456485748291
,,,digital clock,5.346256
,,,spotlight,5.1890125
,,,nematode,4.3241773
,,,match,3.9310703
,,,window screen,3.7738276
mobilenet_v3_1.0_224_small_uint8,label,0.7090456485748291
,,,digital clock,5.346256
,,,spotlight,5.1890125
,,,nematode,4.1669345
,,,match,3.9310703
,,,window screen,3.6952062
mobilenet_v3_1.0_224_small_uint8,label,0.7090456485748291
,,,digital clock,5.6607413
,,,spotlight,5.1890125
,,,nematode,4.4027987
,,,window screen,4.245556
,,,oscilloscope,3.7738276
mobilenet_v3_1.0_224_small_uint8,label,0.7090456485748291
,,,digital clock,5.5034986
,,,spotlight,5.110391
,,,nematode,4.638663
,,,window screen,3.9310703
,,,match,3.852449
mobilenet_v3_1.0_224_small_uint8,label,0.7027795314788818
,,,digital clock,5.6607413
,,,spotlight,5.1890125
,,,nematode,4.5600414
,,,window screen,4.1669345
,,,oscilloscope,3.6952062
mobilenet_v3_1.0_224_small_uint8,label,0.7027795314788818
,,,digital clock,5.346256
,,,spotlight,5.0317698
,,,nematode,4.3241773
,,,match,3.852449
,,,window screen,3.6952062
mobilenet_v3_1.0_224_small_uint8,label,0.7027795314788818
,,,digital clock,5.7393627
,,,spotlight,5.0317698
,,,nematode,4.638663
,,,match,3.9310703
,,,oscilloscope,3.9310703
mobilenet_v3_1.0_224_small_uint8,label,0.7027795314788818
,,,digital clock,5.58212
,,,spotlight,5.2676344
,,,window screen,4.245556
,,,nematode,4.245556
,,,match,3.7738276
mobilenet_v3_1.0_224_small_uint8,label,0.7027795314788818
,,,digital clock,5.817984
,,,spotlight,5.346256
,,,nematode,4.7959056
,,,match,3.9310703
,,,window screen,3.7738276
mobilenet_v3_1.0_224_small_uint8,label,0.7027795314788818
,,,digital clock,5.7393627
,,,spotlight,5.5034986
,,,nematode,4.5600414
,,,window screen,4.088313
,,,match,4.0096917
mobilenet_v3_1.0_224_small_uint8,label,0.7027795314788818
,,,digital clock,5.6607413
,,,spotlight,5.1890125
,,,nematode,4.1669345
,,,window screen,4.088313
,,,oscilloscope,4.0096917
mobilenet_v3_1.0_224_small_uint8,label,0.7027795314788818
,,,digital clock,5.5034986
,,,spotlight,5.1890125
,,,nematode,4.4027987
,,,match,4.245556
,,,oscilloscope,3.459342
mobilenet_v3_0.75_224_small,label,0.2046525478363037
,,,match,4.9471626
,,,spotlight,4.351415
,,,digital clock,4.0786405
,,,nematode,3.8606393
,,,lighter,3.643497
mobilenet_v3_0.75_224_small,label,0.2046525478363037
,,,match,4.935517
,,,spotlight,4.3376303
,,,digital clock,4.073968
,,,nematode,3.8718069
,,,lighter,3.6334927
mobilenet_v3_0.75_224_small,label,0.2046525478363037
,,,match,4.9546623
,,,spotlight,4.3533626
,,,digital clock,4.0936804
,,,nematode,3.8798788
,,,lighter,3.6511803
mobilenet_v3_0.75_224_small,label,0.2046525478363037
,,,match,4.950683
,,,spotlight,4.3531795
,,,digital clock,4.081607
,,,nematode,3.8679106
,,,lighter,3.6436994
mobilenet_v3_0.75_224_small,label,0.2046525478363037
,,,match,4.958824
,,,spotlight,4.3508873
,,,digital clock,4.085755
,,,nematode,3.8736188
,,,lighter,3.6453733
mobilenet_v3_0.75_224_small,label,0.2046525478363037
,,,match,4.94086
,,,spotlight,4.342574
,,,digital clock,4.071965
,,,nematode,3.867883
,,,lighter,3.640978
mobilenet_v3_0.75_224_small,label,0.2046525478363037
,,,match,4.954832
,,,spotlight,4.345025
,,,digital clock,4.078673
,,,nematode,3.87906
,,,lighter,3.6472523
mobilenet_v3_0.75_224_small,label,0.2046525478363037
,,,match,4.955418
,,,spotlight,4.356425
,,,digital clock,4.081597
,,,nematode,3.8637812
,,,lighter,3.6544805
mobilenet_v3_0.75_224_small,label,0.2013702392578125
,,,match,4.945892
,,,spotlight,4.3453026
,,,digital clock,4.080391
,,,nematode,3.8721955
,,,lighter,3.6407728
mobilenet_v3_0.75_224_small,label,0.2013702392578125
,,,match,4.954356
,,,spotlight,4.347255
,,,digital clock,4.0813136
,,,nematode,3.885009
,,,lighter,3.644284
mobilenet_v3_0.75_224_small,label,0.2013702392578125
,,,match,4.958865
,,,spotlight,4.3433304
,,,digital clock,4.076149
,,,nematode,3.8784826
,,,lighter,3.6403553
mobilenet_v3_0.75_224_small,label,0.2013702392578125
,,,match,4.9551415
,,,spotlight,4.3472476
,,,digital clock,4.0840993
,,,nematode,3.8716547
,,,lighter,3.6458726
mobilenet_v3_0.75_224_small,label,0.2013702392578125
,,,match,4.9616203
,,,spotlight,4.3592687
,,,digital clock,4.0924554
,,,nematode,3.881901
,,,lighter,3.6485846
mobilenet_v3_0.75_224_small,label,0.2013702392578125
,,,match,4.9520664
,,,spotlight,4.346657
,,,digital clock,4.0821652
,,,nematode,3.878503
,,,lighter,3.6401017
mobilenet_v3_0.75_224_small,label,0.2013702392578125
,,,match,4.961144
,,,spotlight,4.3581204
,,,digital clock,4.0896425
,,,nematode,3.8806221
,,,lighter,3.6455183
mobilenet_v3_0.75_224_small,label,0.2013702392578125
,,,match,4.9477816
,,,spotlight,4.3447485
,,,digital clock,4.0802298
,,,nematode,3.8678272
,,,lighter,3.64758
mobilenet_v3_0.75_224_small,label,0.20580625534057617
,,,match,4.9555736
,,,spotlight,4.3493667
,,,digital clock,4.09183
,,,nematode,3.8901126
,,,lighter,3.6488373
mobilenet_v3_0.75_224_small,label,0.20580625534057617
,,,match,4.951584
,,,spotlight,4.344236
,,,digital clock,4.0725737
,,,nematode,3.8550198
,,,lighter,3.647011
mobilenet_v3_0.75_224_small,label,0.20580625534057617
,,,match,4.9476476
,,,spotlight,4.351819
,,,digital clock,4.0886173
,,,nematode,3.8702176
,,,lighter,3.6448033
mobilenet_v3_0.75_224_small,label,0.20580625534057617
,,,match,4.9494305
,,,spotlight,4.337181
,,,digital clock,4.069076
,,,nematode,3.8789923
,,,lighter,3.644553
mobilenet_v3_0.75_224_small,label,0.20580625534057617
,,,match,4.9435
,,,spotlight,4.340957
,,,digital clock,4.0848374
,,,nematode,3.8554595
,,,lighter,3.6415951
mobilenet_v3_0.75_224_small,label,0.20580625534057617
,,,match,4.938664
,,,spotlight,4.343784
,,,digital clock,4.0693507
,,,nematode,3.8537333
,,,lighter,3.6396742
mobilenet_v3_0.75_224_small,label,0.20580625534057617
,,,match,4.9543576
,,,spotlight,4.354003
,,,digital clock,4.0846295
,,,nematode,3.8736203
,,,lighter,3.6442363
mobilenet_v3_0.75_224_small,label,0.20580625534057617
,,,match,4.955196
,,,spotlight,4.3493047
,,,digital clock,4.0816646
,,,nematode,3.876239
,,,lighter,3.644843
mobilenet_v3_0.75_224_small,label,0.2010955810546875
,,,match,4.9435115
,,,spotlight,4.3412757
,,,digital clock,4.0767994
,,,nematode,3.8774683
,,,lighter,3.6413963
mobilenet_v3_0.75_224_small,label,0.2010955810546875
,,,match,4.9524126
,,,spotlight,4.3390713
,,,digital clock,4.07081
,,,nematode,3.8774207
,,,lighter,3.6356468
mobilenet_v3_0.75_224_small,label,0.2010955810546875
,,,match,4.9430013
,,,spotlight,4.3447766
,,,digital clock,4.068862
,,,nematode,3.8633468
,,,lighter,3.646315
mobilenet_v3_0.75_224_small,label,0.2010955810546875
,,,match,4.9621277
,,,spotlight,4.3508368
,,,digital clock,4.0911922
,,,nematode,3.8917625
,,,lighter,3.6419244
mobilenet_v3_0.75_224_small,label,0.2010955810546875
,,,match,4.962405
,,,spotlight,4.3541512
,,,digital clock,4.100661
,,,nematode,3.8885157
,,,lighter,3.6431832
mobilenet_v3_0.75_224_small,label,0.2010955810546875
,,,match,4.944398
,,,spotlight,4.351277
,,,digital clock,4.069591
,,,nematode,3.8592665
,,,lighter,3.645018
mobilenet_v3_0.75_224_small,label,0.2010955810546875
,,,match,4.9504404
,,,spotlight,4.340701
,,,digital clock,4.088713
,,,nematode,3.8957174
,,,lighter,3.6450946
mobilenet_v3_0.75_224_small,label,0.2010955810546875
,,,match,4.938994
,,,spotlight,4.3364196
,,,digital clock,4.066825
,,,nematode,3.8591115
,,,lighter,3.6377587
mobilenet_v3_1.0_224_large_minimalistic_uint8,label,1.3786346912384033
,,,nematode,5.2712126
,,,match,4.7035437
,,,spotlight,4.21697
,,,digital clock,4.054779
,,,refrigerator,3.3249187
mobilenet_v3_1.0_224_large_minimalistic_uint8,label,1.3786346912384033
,,,nematode,5.0279255
,,,match,4.7035437
,,,spotlight,4.054779
,,,digital clock,3.9736834
,,,vine snake,3.3249187
mobilenet_v3_1.0_224_large_minimalistic_uint8,label,1.3786346912384033
,,,nematode,4.9468303
,,,match,4.622448
,,,spotlight,4.21697
,,,digital clock,3.9736834
,,,refrigerator,3.3249187
mobilenet_v3_1.0_224_large_minimalistic_uint8,label,1.3786346912384033
,,,nematode,5.109021
,,,match,4.784639
,,,spotlight,4.2980657
,,,digital clock,4.1358743
,,,vine snake,3.4060142
mobilenet_v3_1.0_224_large_minimalistic_uint8,label,1.3786346912384033
,,,nematode,5.190117
,,,match,4.622448
,,,spotlight,4.1358743
,,,digital clock,3.9736834
,,,vine snake,3.3249187
mobilenet_v3_1.0_224_large_minimalistic_uint8,label,1.3786346912384033
,,,nematode,5.0279255
,,,match,4.7035437
,,,spotlight,4.21697
,,,digital clock,4.054779
,,,lighter,3.3249187
mobilenet_v3_1.0_224_large_minimalistic_uint8,label,1.3786346912384033
,,,nematode,5.2712126
,,,match,4.7035437
,,,spotlight,4.21697
,,,digital clock,4.054779
,,,refrigerator,3.3249187
mobilenet_v3_1.0_224_large_minimalistic_uint8,label,1.3786346912384033
,,,nematode,5.0279255
,,,match,4.7035437
,,,spotlight,4.1358743
,,,digital clock,4.054779
,,,lighter,3.3249187
mobilenet_v3_1.0_224_large_minimalistic_uint8,label,1.376837968826294
,,,nematode,5.190117
,,,match,4.7035437
,,,spotlight,4.2980657
,,,digital clock,4.1358743
,,,vine snake,3.3249187
mobilenet_v3_1.0_224_large_minimalistic_uint8,label,1.376837968826294
,,,nematode,4.9468303
,,,match,4.7035437
,,,spotlight,4.2980657
,,,digital clock,4.1358743
,,,lighter,3.3249187
mobilenet_v3_1.0_224_large_minimalistic_uint8,label,1.376837968826294
,,,nematode,5.109021
,,,match,4.784639
,,,spotlight,4.2980657
,,,digital clock,4.054779
,,,vine snake,3.4060142
mobilenet_v3_1.0_224_large_minimalistic_uint8,label,1.376837968826294
,,,nematode,5.0279255
,,,match,4.7035437
,,,spotlight,4.2980657
,,,digital clock,3.9736834
,,,refrigerator,3.4060142
mobilenet_v3_1.0_224_large_minimalistic_uint8,label,1.376837968826294
,,,nematode,5.4334035
,,,match,4.784639
,,,spotlight,4.2980657
,,,digital clock,4.054779
,,,vine snake,3.4060142
mobilenet_v3_1.0_224_large_minimalistic_uint8,label,1.376837968826294
,,,nematode,5.0279255
,,,match,4.784639
,,,spotlight,4.21697
,,,digital clock,4.1358743
,,,vine snake,3.3249187
mobilenet_v3_1.0_224_large_minimalistic_uint8,label,1.376837968826294
,,,nematode,5.190117
,,,match,4.7035437
,,,spotlight,4.21697
,,,digital clock,4.054779
,,,refrigerator,3.4060142
mobilenet_v3_1.0_224_large_minimalistic_uint8,label,1.376837968826294
,,,nematode,5.4334035
,,,match,4.7035437
,,,spotlight,4.2980657
,,,digital clock,4.21697
,,,vine snake,3.3249187
mobilenet_v3_1.0_224_large_minimalistic_uint8,label,1.380019187927246
,,,nematode,5.2712126
,,,match,4.622448
,,,digital clock,4.21697
,,,spotlight,4.21697
,,,refrigerator,3.3249187
mobilenet_v3_1.0_224_large_minimalistic_uint8,label,1.380019187927246
,,,nematode,4.9468303
,,,match,4.7035437
,,,spotlight,4.21697
,,,digital clock,4.054779
,,,lighter,3.4060142
mobilenet_v3_1.0_224_large_minimalistic_uint8,label,1.380019187927246
,,,nematode,5.2712126
,,,match,4.7035437
,,,spotlight,4.1358743
,,,digital clock,3.9736834
,,,vine snake,3.3249187
mobilenet_v3_1.0_224_large_minimalistic_uint8,label,1.380019187927246
,,,nematode,5.3523083
,,,match,4.784639
,,,spotlight,4.21697
,,,digital clock,4.054779
,,,vine snake,3.3249187
mobilenet_v3_1.0_224_large_minimalistic_uint8,label,1.380019187927246
,,,nematode,5.109021
,,,match,4.7035437
,,,spotlight,4.1358743
,,,digital clock,4.1358743
,,,lighter,3.3249187
mobilenet_v3_1.0_224_large_minimalistic_uint8,label,1.380019187927246
,,,nematode,5.190117
,,,match,4.7035437
,,,spotlight,4.21697
,,,digital clock,4.054779
,,,refrigerator,3.4060142
mobilenet_v3_1.0_224_large_minimalistic_uint8,label,1.380019187927246
,,,nematode,5.109021
,,,match,4.784639
,,,spotlight,4.21697
,,,digital clock,3.9736834
,,,lighter,3.4871097
mobilenet_v3_1.0_224_large_minimalistic_uint8,label,1.380019187927246
,,,nematode,5.2712126
,,,match,4.7035437
,,,spotlight,4.1358743
,,,digital clock,3.8925877
,,,vine snake,3.3249187
mobilenet_v3_1.0_224_large_minimalistic_uint8,label,1.3899593353271484
,,,nematode,5.190117
,,,match,4.8657346
,,,spotlight,4.21697
,,,digital clock,4.054779
,,,vine snake,3.4060142
mobilenet_v3_1.0_224_large_minimalistic_uint8,label,1.3899593353271484
,,,nematode,5.3523083
,,,match,4.7035437
,,,digital clock,4.2980657
,,,spotlight,4.21697
,,,vine snake,3.3249187
mobilenet_v3_1.0_224_large_minimalistic_uint8,label,1.3899593353271484
,,,nematode,5.0279255
,,,match,4.7035437
,,,spotlight,4.1358743
,,,digital clock,3.9736834
,,,vine snake,3.3249187
mobilenet_v3_1.0_224_large_minimalistic_uint8,label,1.3899593353271484
,,,nematode,5.109021
,,,match,4.7035437
,,,spotlight,4.21697
,,,digital clock,4.054779
,,,lighter,3.243823
mobilenet_v3_1.0_224_large_minimalistic_uint8,label,1.3899593353271484
,,,nematode,5.3523083
,,,match,4.7035437
,,,digital clock,4.21697
,,,spotlight,4.1358743
,,,lighter,3.3249187
mobilenet_v3_1.0_224_large_minimalistic_uint8,label,1.3899593353271484
,,,nematode,5.190117
,,,match,4.784639
,,,spotlight,4.2980657
,,,digital clock,4.054779
,,,vine snake,3.3249187
mobilenet_v3_1.0_224_large_minimalistic_uint8,label,1.3899593353271484
,,,nematode,5.109021
,,,match,4.7035437
,,,spotlight,4.21697
,,,digital clock,4.1358743
,,,lighter,3.3249187
mobilenet_v3_1.0_224_large_minimalistic_uint8,label,1.3899593353271484
,,,nematode,5.3523083
,,,match,4.7035437
,,,digital clock,4.21697
,,,spotlight,4.21697
,,,vine snake,3.3249187
mobilenet_v3_0.75_224_large,label,0.5498194694519043
,,,match,4.834304
,,,nematode,4.0760756
,,,lighter,4.0150547
,,,spotlight,3.8955548
,,,digital clock,3.7934809
mobilenet_v3_0.75_224_large,label,0.5498194694519043
,,,match,4.8317633
,,,nematode,4.0729623
,,,lighter,4.023588
,,,spotlight,3.8997898
,,,digital clock,3.7996812
mobilenet_v3_0.75_224_large,label,0.5498194694519043
,,,match,4.83763
,,,nematode,4.0804553
,,,lighter,4.0261865
,,,spotlight,3.8950162
,,,digital clock,3.8002803
mobilenet_v3_0.75_224_large,label,0.5498194694519043
,,,match,4.828688
,,,nematode,4.075362
,,,lighter,4.019778
,,,spotlight,3.8934128
,,,digital clock,3.7924223
mobilenet_v3_0.75_224_large,label,0.5498194694519043
,,,match,4.837733
,,,nematode,4.0761733
,,,lighter,4.028932
,,,spotlight,3.9046123
,,,digital clock,3.8015
mobilenet_v3_0.75_224_large,label,0.5498194694519043
,,,match,4.832777
,,,nematode,4.0718937
,,,lighter,4.019823
,,,spotlight,3.8953154
,,,digital clock,3.788845
mobilenet_v3_0.75_224_large,label,0.5498194694519043
,,,match,4.831241
,,,nematode,4.0819273
,,,lighter,4.0149956
,,,spotlight,3.892097
,,,digital clock,3.7954555
mobilenet_v3_0.75_224_large,label,0.5498194694519043
,,,match,4.8366327
,,,nematode,4.0725923
,,,lighter,4.0244255
,,,spotlight,3.897151
,,,digital clock,3.7941132
mobilenet_v3_0.75_224_large,label,0.5576186180114746
,,,match,4.8386765
,,,nematode,4.077266
,,,lighter,4.022621
,,,spotlight,3.9026856
,,,digital clock,3.7929745
mobilenet_v3_0.75_224_large,label,0.5576186180114746
,,,match,4.8426723
,,,nematode,4.0732226
,,,lighter,4.0273433
,,,spotlight,3.9054332
,,,digital clock,3.7981563
mobilenet_v3_0.75_224_large,label,0.5576186180114746
,,,match,4.830663
,,,nematode,4.0763855
,,,lighter,4.016924
,,,spotlight,3.892628
,,,digital clock,3.7937076
mobilenet_v3_0.75_224_large,label,0.5576186180114746
,,,match,4.8380914
,,,nematode,4.077795
,,,lighter,4.02355
,,,spotlight,3.8970869
,,,digital clock,3.795989
mobilenet_v3_0.75_224_large,label,0.5576186180114746
,,,match,4.833898
,,,nematode,4.0749674
,,,lighter,4.0185757
,,,spotlight,3.8951027
,,,digital clock,3.7941923
mobilenet_v3_0.75_224_large,label,0.5576186180114746
,,,match,4.8317957
,,,nematode,4.071654
,,,lighter,4.017175
,,,spotlight,3.896549
,,,digital clock,3.7926137
mobilenet_v3_0.75_224_large,label,0.5576186180114746
,,,match,4.83393
,,,nematode,4.0691814
,,,lighter,4.025979
,,,spotlight,3.9020562
,,,digital clock,3.7932732
mobilenet_v3_0.75_224_large,label,0.5576186180114746
,,,match,4.838181
,,,nematode,4.0753207
,,,lighter,4.023489
,,,spotlight,3.8967495
,,,digital clock,3.7976084
mobilenet_v3_0.75_224_large,label,0.569326639175415
,,,match,4.837726
,,,nematode,4.076249
,,,lighter,4.0217447
,,,spotlight,3.8960683
,,,digital clock,3.7966304
mobilenet_v3_0.75_224_large,label,0.569326639175415
,,,match,4.8338513
,,,nematode,4.0779967
,,,lighter,4.019205
,,,spotlight,3.896744
,,,digital clock,3.7961636
mobilenet_v3_0.75_224_large,label,0.569326639175415
,,,match,4.840892
,,,nematode,4.068697
,,,lighter,4.0316305
,,,spotlight,3.9036145
,,,digital clock,3.7996695
mobilenet_v3_0.75_224_large,label,0.569326639175415
,,,match,4.845015
,,,nematode,4.068048
,,,lighter,4.029092
,,,spotlight,3.9066246
,,,digital clock,3.7960773
mobilenet_v3_0.75_224_large,label,0.569326639175415
,,,match,4.830397
,,,nematode,4.0725403
,,,lighter,4.017395
,,,spotlight,3.8956919
,,,digital clock,3.7901716
mobilenet_v3_0.75_224_large,label,0.569326639175415
,,,match,4.8313446
,,,nematode,4.076889
,,,lighter,4.018388
,,,spotlight,3.8939693
,,,digital clock,3.7919672
mobilenet_v3_0.75_224_large,label,0.569326639175415
,,,match,4.835349
,,,nematode,4.0721545
,,,lighter,4.023372
,,,spotlight,3.9017634
,,,digital clock,3.7962215
mobilenet_v3_0.75_224_large,label,0.569326639175415
,,,match,4.836142
,,,nematode,4.0774126
,,,lighter,4.0218873
,,,spotlight,3.8998601
,,,digital clock,3.7946272
mobilenet_v3_0.75_224_large,label,0.5781533718109131
,,,match,4.8342814
,,,nematode,4.0757923
,,,lighter,4.025889
,,,spotlight,3.9038947
,,,digital clock,3.79985
mobilenet_v3_0.75_224_large,label,0.5781533718109131
,,,match,4.829895
,,,nematode,4.079096
,,,lighter,4.0174007
,,,spotlight,3.8950896
,,,digital clock,3.794933
mobilenet_v3_0.75_224_large,label,0.5781533718109131
,,,match,4.8389106
,,,nematode,4.0756683
,,,lighter,4.021992
,,,spotlight,3.8985245
,,,digital clock,3.7954478
mobilenet_v3_0.75_224_large,label,0.5781533718109131
,,,match,4.834622
,,,nematode,4.078442
,,,lighter,4.017277
,,,spotlight,3.89385
,,,digital clock,3.7957985
mobilenet_v3_0.75_224_large,label,0.5781533718109131
,,,match,4.833738
,,,nematode,4.0749173
,,,lighter,4.018369
,,,spotlight,3.8953133
,,,digital clock,3.7946954
mobilenet_v3_0.75_224_large,label,0.5781533718109131
,,,match,4.8359423
,,,nematode,4.0819263
,,,lighter,4.0196733
,,,spotlight,3.894752
,,,digital clock,3.7992082
mobilenet_v3_0.75_224_large,label,0.5781533718109131
,,,match,4.8353143
,,,nematode,4.0829377
,,,lighter,4.017502
,,,spotlight,3.89512
,,,digital clock,3.7975953
mobilenet_v3_0.75_224_large,label,0.5781533718109131
,,,match,4.842814
,,,nematode,4.071908
,,,lighter,4.0246143
,,,spotlight,3.901148
,,,digital clock,3.796065
mobilenet_v3_1.0_224_large_minimalistic,label,0.622643232345581
,,,match,4.524738
,,,nematode,4.3501754
,,,spotlight,3.5784123
,,,digital clock,3.4466841
,,,lighter,3.4412305
mobilenet_v3_1.0_224_large_minimalistic,label,0.622643232345581
,,,match,4.5372143
,,,nematode,4.3930016
,,,spotlight,3.5773594
,,,digital clock,3.4638848
,,,lighter,3.4563217
mobilenet_v3_1.0_224_large_minimalistic,label,0.622643232345581
,,,match,4.5289197
,,,nematode,4.366631
,,,spotlight,3.5808876
,,,digital clock,3.4559615
,,,lighter,3.45528
mobilenet_v3_1.0_224_large_minimalistic,label,0.622643232345581
,,,match,4.5413547
,,,nematode,4.386905
,,,spotlight,3.5813868
,,,digital clock,3.469237
,,,lighter,3.4579852
mobilenet_v3_1.0_224_large_minimalistic,label,0.622643232345581
,,,match,4.526459
,,,nematode,4.376159
,,,spotlight,3.5958798
,,,digital clock,3.461954
,,,lighter,3.4513593
mobilenet_v3_1.0_224_large_minimalistic,label,0.622643232345581
,,,match,4.526795
,,,nematode,4.366474
,,,spotlight,3.5810378
,,,digital clock,3.45617
,,,lighter,3.4507875
mobilenet_v3_1.0_224_large_minimalistic,label,0.622643232345581
,,,match,4.524819
,,,nematode,4.3541636
,,,spotlight,3.5811226
,,,digital clock,3.4562807
,,,lighter,3.452027
mobilenet_v3_1.0_224_large_minimalistic,label,0.622643232345581
,,,match,4.51562
,,,nematode,4.361833
,,,spotlight,3.5706737
,,,digital clock,3.451441
,,,lighter,3.4422944
mobilenet_v3_1.0_224_large_minimalistic,label,0.628237247467041
,,,match,4.529881
,,,nematode,4.3728204
,,,spotlight,3.5779717
,,,digital clock,3.460132
,,,lighter,3.4474401
mobilenet_v3_1.0_224_large_minimalistic,label,0.628237247467041
,,,match,4.5347023
,,,nematode,4.366414
,,,spotlight,3.5881727
,,,digital clock,3.460527
,,,lighter,3.4565575
mobilenet_v3_1.0_224_large_minimalistic,label,0.628237247467041
,,,match,4.526304
,,,nematode,4.3567114
,,,spotlight,3.591901
,,,digital clock,3.4556856
,,,lighter,3.4516146
mobilenet_v3_1.0_224_large_minimalistic,label,0.628237247467041
,,,match,4.5224214
,,,nematode,4.3721857
,,,spotlight,3.590175
,,,digital clock,3.4526544
,,,lighter,3.4496856
mobilenet_v3_1.0_224_large_minimalistic,label,0.628237247467041
,,,match,4.5370603
,,,nematode,4.3821216
,,,spotlight,3.5927503
,,,digital clock,3.4605455
,,,lighter,3.4550366
mobilenet_v3_1.0_224_large_minimalistic,label,0.628237247467041
,,,match,4.516891
,,,nematode,4.366443
,,,spotlight,3.577801
,,,digital clock,3.4568548
,,,lighter,3.4408655
mobilenet_v3_1.0_224_large_minimalistic,label,0.628237247467041
,,,match,4.5334387
,,,nematode,4.3690915
,,,spotlight,3.5793698
,,,digital clock,3.4540439
,,,lighter,3.4489486
mobilenet_v3_1.0_224_large_minimalistic,label,0.628237247467041
,,,match,4.520589
,,,nematode,4.341396
,,,spotlight,3.5736363
,,,lighter,3.4484625
,,,digital clock,3.4400556
mobilenet_v3_1.0_224_large_minimalistic,label,0.6351840496063232
,,,match,4.5239897
,,,nematode,4.357803
,,,spotlight,3.5821683
,,,digital clock,3.454427
,,,lighter,3.4434001
mobilenet_v3_1.0_224_large_minimalistic,label,0.6351840496063232
,,,match,4.5295663
,,,nematode,4.359697
,,,spotlight,3.5821235
,,,digital clock,3.4639547
,,,lighter,3.4528553
mobilenet_v3_1.0_224_large_minimalistic,label,0.6351840496063232
,,,match,4.5336924
,,,nematode,4.3735805
,,,spotlight,3.5769675
,,,digital clock,3.463648
,,,lighter,3.4542825
mobilenet_v3_1.0_224_large_minimalistic,label,0.6351840496063232
,,,match,4.520032
,,,nematode,4.3563666
,,,spotlight,3.5789807
,,,digital clock,3.4512672
,,,lighter,3.4435642
mobilenet_v3_1.0_224_large_minimalistic,label,0.6351840496063232
,,,match,4.5241647
,,,nematode,4.377778
,,,spotlight,3.576783
,,,digital clock,3.461686
,,,lighter,3.4461522
mobilenet_v3_1.0_224_large_minimalistic,label,0.6351840496063232
,,,match,4.5280604
,,,nematode,4.36049
,,,spotlight,3.583432
,,,digital clock,3.4556344
,,,lighter,3.4505758
mobilenet_v3_1.0_224_large_minimalistic,label,0.6351840496063232
,,,match,4.5362988
,,,nematode,4.374806
,,,spotlight,3.5928862
,,,digital clock,3.4665034
,,,lighter,3.4565318
mobilenet_v3_1.0_224_large_minimalistic,label,0.6351840496063232
,,,match,4.534033
,,,nematode,4.3558645
,,,spotlight,3.59079
,,,digital clock,3.4630165
,,,lighter,3.4541912
mobilenet_v3_1.0_224_large_minimalistic,label,0.6314115524291992
,,,match,4.526217
,,,nematode,4.3522964
,,,spotlight,3.5913122
,,,lighter,3.4540596
,,,digital clock,3.4540415
mobilenet_v3_1.0_224_large_minimalistic,label,0.6314115524291992
,,,match,4.5287704
,,,nematode,4.362504
,,,spotlight,3.5846264
,,,lighter,3.4495778
,,,digital clock,3.4491122
mobilenet_v3_1.0_224_large_minimalistic,label,0.6314115524291992
,,,match,4.5309124
,,,nematode,4.372519
,,,spotlight,3.5962293
,,,digital clock,3.455769
,,,lighter,3.4454305
mobilenet_v3_1.0_224_large_minimalistic,label,0.6314115524291992
,,,match,4.525269
,,,nematode,4.363788
,,,spotlight,3.588579
,,,digital clock,3.451533
,,,lighter,3.443888
mobilenet_v3_1.0_224_large_minimalistic,label,0.6314115524291992
,,,match,4.5321946
,,,nematode,4.3578453
,,,spotlight,3.5739863
,,,lighter,3.456642
,,,digital clock,3.4564686
mobilenet_v3_1.0_224_large_minimalistic,label,0.6314115524291992
,,,match,4.51535
,,,nematode,4.369991
,,,spotlight,3.5726159
,,,digital clock,3.4406638
,,,lighter,3.439792
mobilenet_v3_1.0_224_large_minimalistic,label,0.6314115524291992
,,,match,4.521419
,,,nematode,4.351894
,,,spotlight,3.59257
,,,digital clock,3.45439
,,,lighter,3.4494157
mobilenet_v3_1.0_224_large_minimalistic,label,0.6314115524291992
,,,match,4.5372972
,,,nematode,4.3575506
,,,spotlight,3.5834563
,,,digital clock,3.457044
,,,lighter,3.4531293
mobilenet_v3_1.0_224_small_minimalistic,label,0.2237563133239746
,,,match,4.5323367
,,,nematode,4.2504063
,,,spotlight,3.6503274
,,,digital clock,3.5506287
,,,jack-o'-lantern,3.1184332
mobilenet_v3_1.0_224_small_minimalistic,label,0.2237563133239746
,,,match,4.5327334
,,,nematode,4.23794
,,,spotlight,3.6497571
,,,digital clock,3.54753
,,,jack-o'-lantern,3.1196802
mobilenet_v3_1.0_224_small_minimalistic,label,0.2237563133239746
,,,match,4.5345287
,,,nematode,4.2739987
,,,spotlight,3.6549852
,,,digital clock,3.552777
,,,jack-o'-lantern,3.1192994
mobilenet_v3_1.0_224_small_minimalistic,label,0.2237563133239746
,,,match,4.5380845
,,,nematode,4.279849
,,,spotlight,3.663088
,,,digital clock,3.5592725
,,,jack-o'-lantern,3.1250327
mobilenet_v3_1.0_224_small_minimalistic,label,0.2237563133239746
,,,match,4.5338573
,,,nematode,4.245979
,,,spotlight,3.651189
,,,digital clock,3.5505116
,,,jack-o'-lantern,3.1189158
mobilenet_v3_1.0_224_small_minimalistic,label,0.2237563133239746
,,,match,4.5086308
,,,nematode,4.2398744
,,,spotlight,3.626325
,,,digital clock,3.5385225
,,,jack-o'-lantern,3.1007452
mobilenet_v3_1.0_224_small_minimalistic,label,0.2237563133239746
,,,match,4.512922
,,,nematode,4.24929
,,,spotlight,3.6240108
,,,digital clock,3.5387018
,,,jack-o'-lantern,3.1035612
mobilenet_v3_1.0_224_small_minimalistic,label,0.2237563133239746
,,,match,4.5374093
,,,nematode,4.2768397
,,,spotlight,3.65916
,,,digital clock,3.553238
,,,jack-o'-lantern,3.120418
mobilenet_v3_1.0_224_small_minimalistic,label,0.2357487678527832
,,,match,4.521032
,,,nematode,4.259118
,,,spotlight,3.638871
,,,digital clock,3.5457451
,,,jack-o'-lantern,3.1053166
mobilenet_v3_1.0_224_small_minimalistic,label,0.2357487678527832
,,,match,4.541926
,,,nematode,4.270432
,,,spotlight,3.6600163
,,,digital clock,3.5625448
,,,jack-o'-lantern,3.1255398
mobilenet_v3_1.0_224_small_minimalistic,label,0.2357487678527832
,,,match,4.525137
,,,nematode,4.2243795
,,,spotlight,3.6406372
,,,digital clock,3.5304382
,,,jack-o'-lantern,3.1139219
mobilenet_v3_1.0_224_small_minimalistic,label,0.2357487678527832
,,,match,4.5322733
,,,nematode,4.259604
,,,spotlight,3.649192
,,,digital clock,3.5525346
,,,jack-o'-lantern,3.1163995
mobilenet_v3_1.0_224_small_minimalistic,label,0.2357487678527832
,,,match,4.5163236
,,,nematode,4.2459917
,,,spotlight,3.6332314
,,,digital clock,3.5323272
,,,jack-o'-lantern,3.1053636
mobilenet_v3_1.0_224_small_minimalistic,label,0.2357487678527832
,,,match,4.548389
,,,nematode,4.240397
,,,spotlight,3.6702206
,,,digital clock,3.5660481
,,,jack-o'-lantern,3.1349862
mobilenet_v3_1.0_224_small_minimalistic,label,0.2357487678527832
,,,match,4.5418086
,,,nematode,4.279417
,,,spotlight,3.6674292
,,,digital clock,3.561034
,,,jack-o'-lantern,3.1301603
mobilenet_v3_1.0_224_small_minimalistic,label,0.2357487678527832
,,,match,4.5270047
,,,nematode,4.258339
,,,spotlight,3.6438792
,,,digital clock,3.536084
,,,jack-o'-lantern,3.1084304
mobilenet_v3_1.0_224_small_minimalistic,label,0.21367526054382324
,,,match,4.5351057
,,,nematode,4.2641444
,,,spotlight,3.6622956
,,,digital clock,3.5489712
,,,jack-o'-lantern,3.1279671
mobilenet_v3_1.0_224_small_minimalistic,label,0.21367526054382324
,,,match,4.534945
,,,nematode,4.2617903
,,,spotlight,3.6489766
,,,digital clock,3.555428
,,,jack-o'-lantern,3.1201057
mobilenet_v3_1.0_224_small_minimalistic,label,0.21367526054382324
,,,match,4.5155625
,,,nematode,4.24129
,,,spotlight,3.62587
,,,digital clock,3.5328264
,,,jack-o'-lantern,3.100502
mobilenet_v3_1.0_224_small_minimalistic,label,0.21367526054382324
,,,match,4.550237
,,,nematode,4.271411
,,,spotlight,3.673745
,,,digital clock,3.569178
,,,jack-o'-lantern,3.1379778
mobilenet_v3_1.0_224_small_minimalistic,label,0.21367526054382324
,,,match,4.529411
,,,nematode,4.252653
,,,spotlight,3.6488273
,,,digital clock,3.550699
,,,jack-o'-lantern,3.1179948
mobilenet_v3_1.0_224_small_minimalistic,label,0.21367526054382324
,,,match,4.5196157
,,,nematode,4.247309
,,,spotlight,3.628503
,,,digital clock,3.5439146
,,,jack-o'-lantern,3.1076498
mobilenet_v3_1.0_224_small_minimalistic,label,0.21367526054382324
,,,match,4.5436244
,,,nematode,4.2622933
,,,spotlight,3.6611383
,,,digital clock,3.5580738
,,,jack-o'-lantern,3.127636
mobilenet_v3_1.0_224_small_minimalistic,label,0.21367526054382324
,,,match,4.517284
,,,nematode,4.235143
,,,spotlight,3.6280582
,,,digital clock,3.5368705
,,,jack-o'-lantern,3.102511
mobilenet_v3_1.0_224_small_minimalistic,label,0.22039079666137695
,,,match,4.5334215
,,,nematode,4.2686286
,,,spotlight,3.649947
,,,digital clock,3.5468988
,,,jack-o'-lantern,3.1136572
mobilenet_v3_1.0_224_small_minimalistic,label,0.22039079666137695
,,,match,4.525433
,,,nematode,4.235614
,,,spotlight,3.6472123
,,,digital clock,3.5498278
,,,jack-o'-lantern,3.122234
mobilenet_v3_1.0_224_small_minimalistic,label,0.22039079666137695
,,,match,4.5341744
,,,nematode,4.259615
,,,spotlight,3.6495802
,,,digital clock,3.558266
,,,jack-o'-lantern,3.118958
mobilenet_v3_1.0_224_small_minimalistic,label,0.22039079666137695
,,,match,4.527038
,,,nematode,4.2359824
,,,spotlight,3.644098
,,,digital clock,3.5376022
,,,jack-o'-lantern,3.1086676
mobilenet_v3_1.0_224_small_minimalistic,label,0.22039079666137695
,,,match,4.5380554
,,,nematode,4.2615337
,,,spotlight,3.648465
,,,digital clock,3.5593371
,,,jack-o'-lantern,3.1251879
mobilenet_v3_1.0_224_small_minimalistic,label,0.22039079666137695
,,,match,4.5299377
,,,nematode,4.2607174
,,,spotlight,3.6544955
,,,digital clock,3.5450406
,,,jack-o'-lantern,3.125571
mobilenet_v3_1.0_224_small_minimalistic,label,0.22039079666137695
,,,match,4.5248303
,,,nematode,4.22941
,,,spotlight,3.6443942
,,,digital clock,3.541414
,,,jack-o'-lantern,3.1178174
mobilenet_v3_1.0_224_small_minimalistic,label,0.22039079666137695
,,,match,4.5280137
,,,nematode,4.23348
,,,spotlight,3.6389902
,,,digital clock,3.5400486
,,,jack-o'-lantern,3.1119177
mobilenet_v3_1.0_224_uint8,label,1.928849458694458
,,,spotlight,4.7447157
,,,digital clock,4.209022
,,,nematode,3.9029112
,,,lampshade,3.7498558
,,,match,3.5968006
mobilenet_v3_1.0_224_uint8,label,1.928849458694458
,,,spotlight,4.8212433
,,,digital clock,4.362077
,,,nematode,3.9029112
,,,lampshade,3.9029112
,,,match,3.8263836
mobilenet_v3_1.0_224_uint8,label,1.928849458694458
,,,spotlight,4.897771
,,,digital clock,4.5151324
,,,nematode,4.438605
,,,lampshade,3.9029112
,,,match,3.9029112
mobilenet_v3_1.0_224_uint8,label,1.928849458694458
,,,spotlight,4.668188
,,,digital clock,4.362077
,,,nematode,4.209022
,,,lampshade,3.9794388
,,,match,3.8263836
mobilenet_v3_1.0_224_uint8,label,1.928849458694458
,,,spotlight,4.8212433
,,,digital clock,4.438605
,,,nematode,4.0559664
,,,match,3.9794388
,,,lampshade,3.6733282
mobilenet_v3_1.0_224_uint8,label,1.928849458694458
,,,spotlight,4.9742985
,,,digital clock,4.2855496
,,,nematode,4.2855496
,,,lampshade,3.9029112
,,,match,3.7498558
mobilenet_v3_1.0_224_uint8,label,1.928849458694458
,,,spotlight,4.7447157
,,,nematode,4.59166
,,,digital clock,4.438605
,,,lampshade,3.8263836
,,,match,3.6733282
mobilenet_v3_1.0_224_uint8,label,1.928849458694458
,,,spotlight,4.897771
,,,digital clock,4.5151324
,,,nematode,4.2855496
,,,match,3.7498558
,,,lampshade,3.6733282
mobilenet_v3_1.0_224_uint8,label,1.9313905239105225
,,,spotlight,5.1273537
,,,digital clock,4.2855496
,,,nematode,4.0559664
,,,lampshade,3.9029112
,,,match,3.9029112
mobilenet_v3_1.0_224_uint8,label,1.9313905239105225
,,,spotlight,4.7447157
,,,digital clock,4.132494
,,,nematode,3.9794388
,,,lampshade,3.6733282
,,,match,3.6733282
mobilenet_v3_1.0_224_uint8,label,1.9313905239105225
,,,spotlight,4.668188
,,,nematode,4.362077
,,,digital clock,4.2855496
,,,lampshade,3.8263836
,,,barn spider,3.5202727
mobilenet_v3_1.0_224_uint8,label,1.9313905239105225
,,,spotlight,4.7447157
,,,digital clock,4.2855496
,,,nematode,4.132494
,,,lampshade,3.6733282
,,,match,3.5968006
mobilenet_v3_1.0_224_uint8,label,1.9313905239105225
,,,spotlight,4.5151324
,,,nematode,4.362077
,,,digital clock,4.2855496
,,,match,3.7498558
,,,lampshade,3.7498558
mobilenet_v3_1.0_224_uint8,label,1.9313905239105225
,,,spotlight,4.9742985
,,,digital clock,4.59166
,,,nematode,4.132494
,,,lampshade,3.8263836
,,,match,3.8263836
mobilenet_v3_1.0_224_uint8,label,1.9313905239105225
,,,spotlight,4.668188
,,,digital clock,4.132494
,,,nematode,3.8263836
,,,lampshade,3.6733282
,,,match,3.5968006
mobilenet_v3_1.0_224_uint8,label,1.9313905239105225
,,,spotlight,5.2038817
,,,digital clock,4.362077
,,,lampshade,3.9794388
,,,nematode,3.9029112
,,,match,3.7498558
mobilenet_v3_1.0_224_uint8,label,1.9323196411132812
,,,spotlight,4.5151324
,,,nematode,4.209022
,,,digital clock,4.132494
,,,lampshade,3.8263836
,,,barn spider,3.5968006
mobilenet_v3_1.0_224_uint8,label,1.9323196411132812
,,,spotlight,4.9742985
,,,digital clock,4.2855496
,,,nematode,4.0559664
,,,match,3.9029112
,,,lampshade,3.6733282
mobilenet_v3_1.0_224_uint8,label,1.9323196411132812
,,,spotlight,5.050826
,,,digital clock,4.438605
,,,nematode,4.132494
,,,lampshade,3.9029112
,,,match,3.8263836
mobilenet_v3_1.0_224_uint8,label,1.9323196411132812
,,,spotlight,4.9742985
,,,digital clock,4.438605
,,,nematode,4.209022
,,,match,3.8263836
,,,lampshade,3.7498558
mobilenet_v3_1.0_224_uint8,label,1.9323196411132812
,,,spotlight,4.668188
,,,digital clock,4.362077
,,,nematode,4.209022
,,,lampshade,3.7498558
,,,match,3.6733282
mobilenet_v3_1.0_224_uint8,label,1.9323196411132812
,,,spotlight,4.8212433
,,,digital clock,4.5151324
,,,nematode,4.2855496
,,,match,3.7498558
,,,lampshade,3.6733282
mobilenet_v3_1.0_224_uint8,label,1.9323196411132812
,,,spotlight,5.050826
,,,nematode,4.438605
,,,digital clock,4.362077
,,,match,3.8263836
,,,lampshade,3.7498558
mobilenet_v3_1.0_224_uint8,label,1.9323196411132812
,,,spotlight,4.7447157
,,,digital clock,4.362077
,,,nematode,4.2855496
,,,lampshade,4.0559664
,,,match,3.9029112
mobilenet_v3_1.0_224_uint8,label,1.9283461570739746
,,,spotlight,4.59166
,,,digital clock,4.132494
,,,nematode,3.9794388
,,,lampshade,3.8263836
,,,match,3.7498558
mobilenet_v3_1.0_224_uint8,label,1.9283461570739746
,,,spotlight,5.050826
,,,digital clock,4.438605
,,,nematode,3.9794388
,,,lampshade,3.9794388
,,,match,3.9029112
mobilenet_v3_1.0_224_uint8,label,1.9283461570739746
,,,spotlight,4.897771
,,,digital clock,4.5151324
,,,nematode,4.2855496
,,,lampshade,3.7498558
,,,match,3.6733282
mobilenet_v3_1.0_224_uint8,label,1.9283461570739746
,,,spotlight,4.9742985
,,,digital clock,4.362077
,,,nematode,4.132494
,,,match,3.9029112
,,,lampshade,3.9029112
mobilenet_v3_1.0_224_uint8,label,1.9283461570739746
,,,spotlight,5.4334645
,,,digital clock,4.5151324
,,,lampshade,4.132494
,,,match,4.132494
,,,nematode,3.9794388
mobilenet_v3_1.0_224_uint8,label,1.9283461570739746
,,,spotlight,4.668188
,,,digital clock,4.2855496
,,,nematode,4.209022
,,,lampshade,3.8263836
,,,match,3.5968006
mobilenet_v3_1.0_224_uint8,label,1.9283461570739746
,,,spotlight,4.9742985
,,,digital clock,4.5151324
,,,nematode,4.2855496
,,,match,3.9029112
,,,barn spider,3.6733282
mobilenet_v3_1.0_224_uint8,label,1.9283461570739746
,,,spotlight,4.7447157
,,,digital clock,4.2855496
,,,nematode,3.9029112
,,,lampshade,3.8263836
,,,match,3.5968006
mobilenet_v3_1.0_224_large,label,0.7043328285217285
,,,match,5.2064257
,,,lighter,4.3202114
,,,spotlight,4.0746517
,,,digital clock,4.0696764
,,,nematode,4.044269
mobilenet_v3_1.0_224_large,label,0.7043328285217285
,,,match,5.2096014
,,,lighter,4.3207607
,,,spotlight,4.0855317
,,,digital clock,4.073529
,,,nematode,4.037842
mobilenet_v3_1.0_224_large,label,0.7043328285217285
,,,match,5.2072206
,,,lighter,4.323181
,,,spotlight,4.0745735
,,,digital clock,4.0714474
,,,nematode,4.0464234
mobilenet_v3_1.0_224_large,label,0.7043328285217285
,,,match,5.2050343
,,,lighter,4.31518
,,,spotlight,4.0773168
,,,digital clock,4.070076
,,,nematode,4.050308
mobilenet_v3_1.0_224_large,label,0.7043328285217285
,,,match,5.2050147
,,,lighter,4.3220596
,,,spotlight,4.0865927
,,,digital clock,4.0727253
,,,nematode,4.035935
mobilenet_v3_1.0_224_large,label,0.7043328285217285
,,,match,5.206643
,,,lighter,4.3185577
,,,spotlight,4.0772967
,,,digital clock,4.064802
,,,nematode,4.030287
mobilenet_v3_1.0_224_large,label,0.7043328285217285
,,,match,5.2131124
,,,lighter,4.3286824
,,,spotlight,4.0881653
,,,digital clock,4.0744534
,,,nematode,4.0349913
mobilenet_v3_1.0_224_large,label,0.7043328285217285
,,,match,5.2133865
,,,lighter,4.3238683
,,,spotlight,4.0800586
,,,digital clock,4.0743594
,,,nematode,4.048603
mobilenet_v3_1.0_224_large,label,0.7786624431610107
,,,match,5.209903
,,,lighter,4.325723
,,,spotlight,4.0863113
,,,digital clock,4.0765433
,,,nematode,4.0401783
mobilenet_v3_1.0_224_large,label,0.7786624431610107
,,,match,5.2151647
,,,lighter,4.32826
,,,spotlight,4.0817623
,,,digital clock,4.0783076
,,,nematode,4.0474052
mobilenet_v3_1.0_224_large,label,0.7786624431610107
,,,match,5.2050724
,,,lighter,4.317139
,,,spotlight,4.0859685
,,,digital clock,4.0702786
,,,nematode,4.0356884
mobilenet_v3_1.0_224_large,label,0.7786624431610107
,,,match,5.2093143
,,,lighter,4.3237867
,,,spotlight,4.0862145
,,,digital clock,4.0753994
,,,nematode,4.0469227
mobilenet_v3_1.0_224_large,label,0.7786624431610107
,,,match,5.2219872
,,,lighter,4.3305235
,,,spotlight,4.0890355
,,,digital clock,4.0783234
,,,nematode,4.04636
mobilenet_v3_1.0_224_large,label,0.7786624431610107
,,,match,5.2024817
,,,lighter,4.315594
,,,spotlight,4.083294
,,,digital clock,4.067359
,,,nematode,4.0409584
mobilenet_v3_1.0_224_large,label,0.7786624431610107
,,,match,5.200643
,,,lighter,4.313237
,,,spotlight,4.0761037
,,,digital clock,4.0686893
,,,nematode,4.035757
mobilenet_v3_1.0_224_large,label,0.7786624431610107
,,,match,5.2083755
,,,lighter,4.322088
,,,spotlight,4.07847
,,,digital clock,4.073174
,,,nematode,4.044008
mobilenet_v3_1.0_224_large,label,0.7406258583068848
,,,match,5.198062
,,,lighter,4.3119626
,,,spotlight,4.0822344
,,,digital clock,4.069437
,,,nematode,4.037663
mobilenet_v3_1.0_224_large,label,0.7406258583068848
,,,match,5.206032
,,,lighter,4.322246
,,,spotlight,4.0813284
,,,digital clock,4.068368
,,,nematode,4.029864
mobilenet_v3_1.0_224_large,label,0.7406258583068848
,,,match,5.20662
,,,lighter,4.319875
,,,spotlight,4.0810995
,,,digital clock,4.0644784
,,,nematode,4.0358753
mobilenet_v3_1.0_224_large,label,0.7406258583068848
,,,match,5.2158017
,,,lighter,4.332665
,,,spotlight,4.089691
,,,digital clock,4.082092
,,,nematode,4.0464697
mobilenet_v3_1.0_224_large,label,0.7406258583068848
,,,match,5.213973
,,,lighter,4.3230457
,,,spotlight,4.083908
,,,digital clock,4.076262
,,,nematode,4.051765
mobilenet_v3_1.0_224_large,label,0.7406258583068848
,,,match,5.210333
,,,lighter,4.3242497
,,,spotlight,4.0752444
,,,digital clock,4.0727882
,,,nematode,4.0504694
mobilenet_v3_1.0_224_large,label,0.7406258583068848
,,,match,5.1972823
,,,lighter,4.3117323
,,,spotlight,4.0660872
,,,digital clock,4.0610023
,,,nematode,4.0391145
mobilenet_v3_1.0_224_large,label,0.7406258583068848
,,,match,5.2091126
,,,lighter,4.3235555
,,,spotlight,4.083463
,,,digital clock,4.0676746
,,,nematode,4.037338
mobilenet_v3_1.0_224_large,label,0.7477295398712158
,,,match,5.2061734
,,,lighter,4.3179674
,,,spotlight,4.081015
,,,digital clock,4.0713205
,,,nematode,4.036903
mobilenet_v3_1.0_224_large,label,0.7477295398712158
,,,match,5.212723
,,,lighter,4.3272243
,,,spotlight,4.085161
,,,digital clock,4.0758605
,,,nematode,4.042616
mobilenet_v3_1.0_224_large,label,0.7477295398712158
,,,match,5.2046432
,,,lighter,4.3192487
,,,spotlight,4.0755534
,,,digital clock,4.072081
,,,nematode,4.047721
mobilenet_v3_1.0_224_large,label,0.7477295398712158
,,,match,5.2047977
,,,lighter,4.322905
,,,spotlight,4.0782924
,,,digital clock,4.071546
,,,nematode,4.0398827
mobilenet_v3_1.0_224_large,label,0.7477295398712158
,,,match,5.2042003
,,,lighter,4.3143244
,,,spotlight,4.07942
,,,digital clock,4.0680976
,,,nematode,4.0443373
mobilenet_v3_1.0_224_large,label,0.7477295398712158
,,,match,5.2139816
,,,lighter,4.3255587
,,,spotlight,4.0855966
,,,digital clock,4.0745316
,,,nematode,4.045611
mobilenet_v3_1.0_224_large,label,0.7477295398712158
,,,match,5.2038093
,,,lighter,4.3114343
,,,spotlight,4.079161
,,,digital clock,4.0681853
,,,nematode,4.0450425
mobilenet_v3_1.0_224_large,label,0.7477295398712158
,,,match,5.2057395
,,,lighter,4.32262
,,,spotlight,4.072678
,,,digital clock,4.071389
,,,nematode,4.0463448
mobilenet_v3_1.0_224_small,label,0.2694694995880127
,,,match,4.8203526
,,,spotlight,4.058147
,,,nematode,4.036682
,,,digital clock,4.0152383
,,,lighter,3.8857865
mobilenet_v3_1.0_224_small,label,0.2694694995880127
,,,match,4.8316436
,,,spotlight,4.073177
,,,nematode,4.035507
,,,digital clock,4.0142827
,,,lighter,3.8918297
mobilenet_v3_1.0_224_small,label,0.2694694995880127
,,,match,4.811579
,,,spotlight,4.063673
,,,nematode,4.0434113
,,,digital clock,4.011408
,,,lighter,3.881464
mobilenet_v3_1.0_224_small,label,0.2694694995880127
,,,match,4.838479
,,,spotlight,4.084503
,,,nematode,4.044602
,,,digital clock,4.0239725
,,,lighter,3.894561
mobilenet_v3_1.0_224_small,label,0.2694694995880127
,,,match,4.862767
,,,spotlight,4.101554
,,,nematode,4.0396976
,,,digital clock,4.029496
,,,lighter,3.9035378
mobilenet_v3_1.0_224_small,label,0.2694694995880127
,,,match,4.8297763
,,,spotlight,4.0745816
,,,nematode,4.0414925
,,,digital clock,4.013552
,,,lighter,3.892061
mobilenet_v3_1.0_224_small,label,0.2694694995880127
,,,match,4.820775
,,,spotlight,4.0645785
,,,nematode,4.0512233
,,,digital clock,4.0195246
,,,lighter,3.8840458
mobilenet_v3_1.0_224_small,label,0.2694694995880127
,,,match,4.8276215
,,,spotlight,4.0701203
,,,nematode,4.0444927
,,,digital clock,4.011842
,,,lighter,3.893834
mobilenet_v3_1.0_224_small,label,0.2405240535736084
,,,match,4.8266673
,,,spotlight,4.065435
,,,nematode,4.0554953
,,,digital clock,4.021802
,,,lighter,3.892423
mobilenet_v3_1.0_224_small,label,0.2405240535736084
,,,match,4.8479095
,,,spotlight,4.081306
,,,nematode,4.0303893
,,,digital clock,4.0195684
,,,lighter,3.901496
mobilenet_v3_1.0_224_small,label,0.2405240535736084
,,,match,4.8327417
,,,spotlight,4.0756183
,,,nematode,4.0391293
,,,digital clock,4.0102243
,,,lighter,3.8952177
mobilenet_v3_1.0_224_small,label,0.2405240535736084
,,,match,4.829997
,,,spotlight,4.076364
,,,nematode,4.0260863
,,,digital clock,4.017209
,,,lighter,3.8902817
mobilenet_v3_1.0_224_small,label,0.2405240535736084
,,,match,4.8349724
,,,spotlight,4.0792894
,,,nematode,4.037336
,,,digital clock,4.019286
,,,lighter,3.8897824
mobilenet_v3_1.0_224_small,label,0.2405240535736084
,,,match,4.8289647
,,,spotlight,4.0738087
,,,nematode,4.0377083
,,,digital clock,4.0078626
,,,lighter,3.895466
mobilenet_v3_1.0_224_small,label,0.2405240535736084
,,,match,4.8489313
,,,spotlight,4.0879035
,,,nematode,4.0343585
,,,digital clock,4.020428
,,,lighter,3.8961759
mobilenet_v3_1.0_224_small,label,0.2405240535736084
,,,match,4.819258
,,,spotlight,4.0700655
,,,nematode,4.033208
,,,digital clock,4.0144005
,,,lighter,3.8830404
mobilenet_v3_1.0_224_small,label,0.23875641822814941
,,,match,4.853165
,,,spotlight,4.0932007
,,,nematode,4.0421433
,,,digital clock,4.0256343
,,,lighter,3.896024
mobilenet_v3_1.0_224_small,label,0.23875641822814941
,,,match,4.8265324
,,,spotlight,4.072991
,,,nematode,4.0289273
,,,digital clock,4.0018277
,,,lighter,3.8853471
mobilenet_v3_1.0_224_small,label,0.23875641822814941
,,,match,4.8070254
,,,spotlight,4.057958
,,,nematode,4.0488677
,,,digital clock,4.020018
,,,lighter,3.8830764
mobilenet_v3_1.0_224_small,label,0.23875641822814941
,,,match,4.8540673
,,,spotlight,4.095089
,,,nematode,4.038944
,,,digital clock,4.022773
,,,lighter,3.9000804
mobilenet_v3_1.0_224_small,label,0.23875641822814941
,,,match,4.8056664
,,,spotlight,4.0544186
,,,nematode,4.045254
,,,digital clock,4.00632
,,,lighter,3.8745492
mobilenet_v3_1.0_224_small,label,0.23875641822814941
,,,match,4.828765
,,,spotlight,4.0736065
,,,nematode,4.033597
,,,digital clock,4.016491
,,,lighter,3.8862026
mobilenet_v3_1.0_224_small,label,0.23875641822814941
,,,match,4.8539076
,,,spotlight,4.0902753
,,,nematode,4.0404873
,,,digital clock,4.02423
,,,lighter,3.9072645
mobilenet_v3_1.0_224_small,label,0.23875641822814941
,,,match,4.8530326
,,,spotlight,4.0999713
,,,nematode,4.037812
,,,digital clock,4.0220633
,,,lighter,3.905531
mobilenet_v3_1.0_224_small,label,0.24577045440673828
,,,match,4.838903
,,,spotlight,4.0809927
,,,nematode,4.0368743
,,,digital clock,4.026917
,,,lighter,3.8975618
mobilenet_v3_1.0_224_small,label,0.24577045440673828
,,,match,4.8219213
,,,spotlight,4.0722914
,,,nematode,4.0486164
,,,digital clock,4.0171304
,,,lighter,3.8886945
mobilenet_v3_1.0_224_small,label,0.24577045440673828
,,,match,4.8136616
,,,spotlight,4.063844
,,,nematode,4.0483713
,,,digital clock,4.014497
,,,lighter,3.8853722
mobilenet_v3_1.0_224_small,label,0.24577045440673828
,,,match,4.841304
,,,spotlight,4.086311
,,,nematode,4.041888
,,,digital clock,4.0165854
,,,lighter,3.8972313
mobilenet_v3_1.0_224_small,label,0.24577045440673828
,,,match,4.832178
,,,spotlight,4.0664334
,,,nematode,4.0477376
,,,digital clock,4.019628
,,,lighter,3.8875847
mobilenet_v3_1.0_224_small,label,0.24577045440673828
,,,match,4.8214564
,,,spotlight,4.076183
,,,nematode,4.043669
,,,digital clock,4.0093694
,,,lighter,3.8969076
mobilenet_v3_1.0_224_small,label,0.24577045440673828
,,,match,4.818095
,,,spotlight,4.0660124
,,,nematode,4.047907
,,,digital clock,4.014307
,,,lighter,3.882094
mobilenet_v3_1.0_224_small,label,0.24577045440673828
,,,match,4.827388
,,,spotlight,4.080676
,,,nematode,4.0296345
,,,digital clock,4.0155506
,,,lighter,3.889367
